,date,extend,id,days_from_start,month,cat_id,sst_avg,air_avg,dlwrf_avg,dswrf_avg,prate_avg,runof_avg,shum_avg,csdlf_avg,csdsf_avg,uswrf_avg,sf
0,1982/1/1,15.17673333,1,1096,1,1,11.83253384,276.7259521,286.0286255,200.2212524,2.50E-05,1.965282988,7.636641502,259.0924683,266.0985718,63.01931763,1
1,1982/2/1,15.9735,1,1127,2,1,11.84851074,276.0639038,284.667572,185.8682251,2.44E-05,2.092203253,7.640948772,257.980011,248.4161987,53.15870667,4
2,1982/3/1,16.043875,1,1155,3,1,11.87534332,275.1526489,283.2081909,174.5047302,2.44E-05,2.029708372,7.702135563,257.0819397,231.8746185,46.65837097,3.5
3,1982/4/1,15.466,1,1186,4,1,11.90084839,276.0747681,286.0476074,180.7426605,2.48E-05,1.818451351,7.810687065,260.3033447,234.7705231,53.04963684,0
4,1982/5/1,13.9732,1,1216,5,1,12.07125664,278.1708374,292.9945374,191.8406677,2.55E-05,1.640927183,8.12270546,267.9293518,246.0930328,61.59361267,0
5,1982/6/1,12.47606667,1,1247,6,1,12.32522964,279.5200806,300.7733459,192.225769,2.78E-05,1.502801549,8.547419548,275.5783691,250.679306,56.42666245,0
6,1982/7/1,10.3670625,1,1277,7,1,12.69855404,279.9909058,303.8493652,186.5156403,2.85E-05,1.307359506,8.77541256,279.1127625,245.4377289,51.15930939,0
7,1982/8/1,8.139533333,1,1308,8,1,12.88073826,279.1864624,301.3085632,175.6163635,2.67E-05,1.290981774,8.679402351,276.7059937,233.7475586,43.60284805,0
8,1982/9/1,7.301733333,1,1339,9,1,12.76626015,277.9718933,294.7839355,169.7568207,2.54E-05,1.297298221,8.21313858,269.3748474,225.8602448,41.37178802,0
9,1982/10/1,9.4210625,1,1369,10,1,12.3158989,277.3175354,288.141571,181.3114471,2.48E-05,1.333845833,7.756168365,262.1314392,237.9523468,52.02130508,1.5
10,1982/11/1,11.62746667,1,1400,11,1,11.97449112,277.356781,286.5218506,197.4357758,2.47E-05,1.487809316,7.616366863,260.2350464,259.2583618,63.99173737,3.5
11,1982/12/1,13.6418,1,1430,12,1,11.88572025,277.5974121,287.9621582,206.3283691,2.50E-05,1.745651209,7.638823509,261.4140015,271.154541,67.22720337,23.5
12,1983/1/1,14.9424375,1,1461,1,1,11.93915081,277.1001892,287.2814331,201.2639008,2.47E-05,1.945795167,7.712741852,260.8208923,265.9987793,62.91579437,0
13,1983/2/1,16.00614286,1,1492,2,1,12.01360226,276.1487427,284.6986084,186.7349091,2.47E-05,2.071364361,7.728513718,258.7406921,248.4363861,53.35413742,2.3
14,1983/3/1,16.08526667,1,1520,3,1,12.02167797,276.0048828,286.2190247,173.975296,2.50E-05,2.020524821,7.846743584,260.2727661,231.6512146,46.42797852,22.5
15,1983/4/1,15.17206667,1,1551,4,1,12.0422802,276.5689087,288.0325623,180.3181458,2.54E-05,1.873698632,7.923327923,262.5267334,234.601593,52.79074097,17.5
16,1983/5/1,13.4913125,1,1581,5,1,12.18188763,278.6014404,295.5455627,191.466156,2.62E-05,1.668790588,8.2552948,270.3258057,245.7277527,60.54138184,0
17,1983/6/1,12.29566667,1,1612,6,1,12.45935535,279.879364,302.1713257,192.1056976,2.85E-05,1.474062804,8.648578644,276.6539917,250.6379089,55.98616028,0
18,1983/7/1,10.57026667,1,1642,7,1,12.82258892,279.6940918,305.0995483,185.5683746,2.84E-05,1.306200396,8.904695511,280.2044373,245.1908875,50.80709076,0
19,1983/8/1,8.185875,1,1673,8,1,13.05183029,279.8120422,303.8339539,175.2824554,2.68E-05,1.298246382,8.823382378,279.1610718,233.4654846,43.32622147,0
20,1983/9/1,7.3946,1,1704,9,1,12.88624763,278.615509,296.8040771,169.5093231,2.58E-05,1.323443478,8.309527397,271.3661499,225.713562,41.41289902,0
21,1983/10/1,9.334066667,1,1734,10,1,12.37859917,277.1966553,287.3267212,181.7259521,2.47E-05,1.380317923,7.802285194,262.0115662,237.7285919,52.4895401,0
22,1983/11/1,11.461,1,1765,11,1,12.01482296,277.1663818,285.2039795,199.6251678,2.48E-05,1.538500407,7.606761456,259.6795044,259.437561,64.81594086,30.1
23,1983/12/1,13.2984375,1,1795,12,1,11.85838985,277.2837524,285.7429504,207.292572,2.48E-05,1.770982553,7.594548225,259.5779724,271.6904602,67.90999603,11
24,1984/1/1,14.47326667,1,1826,1,1,11.8521347,277.2285461,286.8568115,201.4811401,2.48E-05,1.9819937,7.645699978,260.3162231,266.3539734,62.76715469,6.4
25,1984/2/1,15.29893333,1,1857,2,1,11.88825417,276.1360779,284.4460754,187.0002747,2.52E-05,2.102075385,7.645878315,258.2149048,248.4030151,53.34540939,9.1
26,1984/3/1,15.5842,1,1886,3,1,11.89305115,275.6817322,284.510376,174.3014526,2.43E-05,2.046564065,7.729002953,258.8204651,231.509903,46.16904449,19.2
27,1984/4/1,15.01446667,1,1917,4,1,11.95527172,276.5104065,286.9454651,181.6459351,2.57E-05,1.864439783,7.833660603,261.5090027,235.0006104,53.14069748,12.7
28,1984/5/1,13.5766875,1,1947,5,1,12.04742622,278.9001465,295.9472656,191.5179901,2.63E-05,1.67193395,8.162499428,270.147644,246.0522766,60.58586121,0
29,1984/6/1,12.15166667,1,1978,6,1,12.31492996,279.5359192,301.3710938,191.6234283,2.87E-05,1.549928533,8.586872101,276.0184631,250.4416504,55.58615112,0
30,1984/7/1,9.977533333,1,2008,7,1,12.77902699,280.0783386,304.5517883,185.6324005,2.85E-05,1.365685172,8.780316353,279.6338806,245.1150513,50.54690933,0
31,1984/8/1,7.7710625,1,2039,8,1,13.01595688,279.7800598,302.4150696,176.2986145,2.73E-05,1.31385553,8.676192284,277.7613525,233.5098114,43.3249855,0
32,1984/9/1,6.8052,1,2070,9,1,12.86812019,278.4981995,294.8232727,171.4941101,2.51E-05,1.292190918,8.171627045,270.0267334,225.8763123,41.70062256,4.2
33,1984/10/1,8.5606,1,2100,10,1,12.31655407,277.5229797,288.9727478,181.8262024,2.49E-05,1.354954048,7.789562702,263.4283752,238.1623688,52.73529434,11
34,1984/11/1,10.84153333,1,2131,11,1,11.94318771,277.1726379,284.8166199,200.095108,2.52E-05,1.550277117,7.564697266,259.2445679,259.8217468,65.1593399,0
35,1984/12/1,12.9894375,1,2161,12,1,11.79608536,277.268158,286.7173157,206.7666779,2.48E-05,1.747816357,7.582974911,260.1906433,271.2338257,67.89072418,4.8
36,1985/1/1,14.72486667,1,2192,1,1,11.79498863,277.2249451,286.5101929,201.3707733,2.42E-05,1.952468949,7.590008259,260.3452148,265.9822693,62.9303093,16.3
37,1985/2/1,15.46571429,1,2223,2,1,11.83788776,275.6688538,282.2793274,186.9896088,2.46E-05,2.049530907,7.590750217,256.3033447,248.4839325,53.42463684,14.6
38,1985/3/1,15.8859375,1,2251,3,1,11.83984089,275.4984131,283.4172363,174.5101929,2.50E-05,1.976103446,7.716104984,257.5680847,231.7478027,46.40750504,20.4
39,1985/4/1,15.35653333,1,2282,4,1,11.88128376,276.6109009,287.1023254,180.8907623,2.54E-05,1.829542452,7.845414639,261.7466125,234.8349457,53.19790649,0.9
40,1985/5/1,14.0734,1,2312,5,1,12.05056095,278.3921814,294.0828552,191.7356415,2.61E-05,1.656522955,8.144989014,268.8865356,245.9605713,61.29340363,0
41,1985/6/1,12.21906667,1,2343,6,1,12.3013382,280.0716553,301.630249,193.1232758,2.81E-05,1.517600252,8.494227409,276.4718018,250.6437225,55.69051361,0
42,1985/7/1,9.7445625,1,2373,7,1,12.71528244,279.8769531,303.5746765,186.9778137,2.80E-05,1.332243108,8.717565536,278.8187256,245.3448029,51.01554108,0
43,1985/8/1,7.401866667,1,2404,8,1,12.95405293,279.6678772,302.3121948,176.034256,2.72E-05,1.316993112,8.676487923,277.6064758,233.6457825,43.50154114,0
44,1985/9/1,6.697666667,1,2435,9,1,12.78566265,278.2573547,294.6994629,170.3671417,2.59E-05,1.333740317,8.150650978,269.587738,225.8744812,41.75140762,11
45,1985/10/1,8.5459375,1,2465,10,1,12.3137331,277.1365356,287.1785889,182.6888275,2.49E-05,1.382862451,7.722664833,261.8365173,238.0124664,53.0002594,6
46,1985/11/1,11.02453333,1,2496,11,1,11.937603,277.2694397,286.3991394,198.8632813,2.51E-05,1.544619362,7.573976517,260.1497803,259.5658569,65.09577179,22.8
47,1985/12/1,13.04993333,1,2526,12,1,11.79338169,277.4180908,286.1957092,207.4537354,2.48E-05,1.75837096,7.56591177,260.1091309,271.7619324,68.31750488,16
48,1986/1/1,14.889625,1,2557,1,1,11.76302719,276.8992615,285.7920532,200.7931519,2.49E-05,1.928844691,7.607496262,259.4883728,266.0075684,63.01895523,2
49,1986/2/1,15.78485714,1,2588,2,1,11.82665157,276.4547729,284.5218506,187.2371521,2.44E-05,2.056158123,7.590658188,258.4873047,248.2155914,53.20944214,17.8
50,1986/3/1,15.90946667,1,2616,3,1,11.85716248,275.6312561,284.0903931,174.1705475,2.57E-05,2.003501193,7.680948257,257.9076233,231.7397766,46.1182251,3
51,1986/4/1,15.0588,1,2647,4,1,11.93375301,276.6355591,287.3136902,180.6315002,2.62E-05,1.810717617,7.867373466,261.8226013,234.7471771,52.75918198,13.5
52,1986/5/1,13.3795625,1,2677,5,1,12.08202362,278.5104065,294.2146912,191.2781525,2.68E-05,1.598907749,8.132749557,268.9888,245.8327026,60.30903625,0
53,1986/6/1,11.97593333,1,2708,6,1,12.37720013,279.7062988,301.369751,192.2327728,2.87E-05,1.495537767,8.559488297,276.1591187,250.5244904,55.90163803,0
54,1986/7/1,10.14646667,1,2738,7,1,12.76454258,280.1921692,304.7763367,185.9948578,2.92E-05,1.338449746,8.761380196,279.5599365,245.4488525,51.10073853,0
55,1986/8/1,7.9795625,1,2769,8,1,12.95641327,279.7915649,301.8701782,176.1825409,2.76E-05,1.274629306,8.65260601,277.1694946,233.7845459,43.47312546,0
56,1986/9/1,7.410666667,1,2800,9,1,12.80226898,278.2185669,294.104126,170.8136597,2.56E-05,1.284378666,8.16358757,269.204071,225.8351135,41.6836319,0
57,1986/10/1,9.483933333,1,2830,10,1,12.31044769,277.3750916,288.277832,181.3742218,2.53E-05,1.394369756,7.761197567,262.5948792,237.8321686,52.11727142,7
58,1986/11/1,11.45326667,1,2861,11,1,11.94894886,277.2792358,285.9496765,198.8294373,2.55E-05,1.523504542,7.555675507,260.0050964,259.4170227,63.96204376,20.3
59,1986/12/1,13.2224375,1,2891,12,1,11.78275585,277.2522583,285.4750061,207.1372375,2.57E-05,1.724464063,7.57891798,259.6315918,271.5653992,67.75409698,13
60,1987/1/1,14.9698,1,2922,1,1,11.77347946,277.0222473,286.4691467,201.0560303,2.51E-05,1.912751555,7.671241283,259.9932556,266.1687317,63.03954697,21.4
61,1987/2/1,16.05014286,1,2953,2,1,11.84960651,275.8925171,284.2366333,186.4574127,2.46E-05,1.999969121,7.697856903,258.3306274,248.3368225,53.34609985,23.7
62,1987/3/1,15.8159375,1,2981,3,1,11.89664078,275.4036865,282.2952271,176.5281067,2.46E-05,1.966393634,7.686366558,257.3748474,231.9288483,46.60881805,23
63,1987/4/1,15.21086667,1,3012,4,1,11.9483099,276.5630493,286.9776611,181.8579865,2.53E-05,1.807222864,7.883988857,262.140686,234.572113,52.8391571,16.3
64,1987/5/1,13.74293333,1,3042,5,1,12.12177277,278.4524841,294.8308716,191.2416687,2.62E-05,1.620992692,8.200126648,269.8006287,245.7697601,60.15134811,0
65,1987/6/1,12.48566667,1,3073,6,1,12.38788033,280.1206665,302.16745,193.1086426,2.84E-05,1.463770423,8.637015343,277.4842224,250.4386902,56.45254135,0
66,1987/7/1,10.3325625,1,3103,7,1,12.85021591,280.5462952,306.5059204,186.5525208,2.91E-05,1.329815738,8.896917343,281.7604675,245.2019043,50.77593613,0
67,1987/8/1,7.499904762,1,3134,8,1,13.14405155,279.5722656,302.7710266,176.3806305,2.74E-05,1.30781245,8.764755249,278.386322,233.7064209,43.64737701,0
68,1987/9/1,7.2787,1,3165,9,1,12.98113918,278.2914734,294.7513123,170.3522339,2.64E-05,1.31595826,8.29254055,270.03302,225.7912445,42.26116562,0
69,1987/10/1,9.048774194,1,3195,10,1,12.51153088,277.2713928,288.0943604,181.7319641,2.52E-05,1.367212104,7.850584984,262.8782959,237.6294861,52.85444641,0
70,1987/11/1,11.22403333,1,3226,11,1,12.17630672,276.9511108,285.5986023,198.9641724,2.53E-05,1.515590654,7.700960636,259.6668701,259.3100586,64.92424774,13.5
71,1987/12/1,12.5405,1,3256,12,1,11.9950552,277.3563232,287.6589966,205.6131134,2.53E-05,1.727015279,7.736202717,261.2555542,271.3774109,67.41120911,27.5
72,1988/1/1,15.09047368,1,3287,1,1,12.01976395,277.1836243,287.4110718,201.3322296,2.53E-05,1.890535666,7.777053833,261.0960999,266.1915894,62.99517822,6.5
73,1988/2/1,15.58337931,1,3318,2,1,12.02250767,276.2807312,285.0244751,187.144455,2.48E-05,2.007059024,7.738231182,259.0678406,248.3385468,53.51160431,16.7
74,1988/3/1,15.95722581,1,3347,3,1,12.02504253,275.9468689,285.3669128,174.3813477,2.51E-05,1.965421365,7.817333698,259.5340576,231.5723267,46.58261871,24.9
75,1988/4/1,15.12333333,1,3378,4,1,12.05695152,277.0190735,289.1549072,181.0345306,2.57E-05,1.75900026,7.956569672,263.6480103,234.8176575,53.38707733,4.7
76,1988/5/1,13.56087097,1,3408,5,1,12.19504166,278.9188843,295.6903992,192.2875671,2.63E-05,1.596615948,8.26529789,271.0687256,245.8749237,60.47890472,1
77,1988/6/1,11.94343333,1,3439,6,1,12.49639606,280.3435974,303.8120422,192.1581268,2.89E-05,1.476637468,8.638972282,278.2356262,250.3653564,55.90827179,0
78,1988/7/1,9.808677419,1,3469,7,1,12.9316864,280.3564453,307.1802368,185.390152,2.94E-05,1.331888085,8.936476707,282.1481934,244.8901825,50.77577209,0
79,1988/8/1,7.891580645,1,3500,8,1,13.11278343,280.1551208,304.9520264,175.2566986,2.74E-05,1.337948832,8.785100937,280.0041809,233.2694244,43.24084091,0
80,1988/9/1,7.369,1,3531,9,1,12.89092159,278.7537231,297.5910645,168.9265594,2.62E-05,1.32531924,8.287334442,271.8282776,225.6277161,41.23735809,0
81,1988/10/1,9.135032258,1,3561,10,1,12.40052605,277.5935059,289.0627747,181.0012512,2.55E-05,1.374336849,7.760993481,263.3628235,238.0223236,52.5442009,0
82,1988/11/1,11.33083333,1,3592,11,1,11.98082542,277.0851746,285.2416382,198.3934784,2.52E-05,1.525498123,7.483176708,259.215332,259.7815552,64.82433319,5.7
83,1988/12/1,13.62554839,1,3622,12,1,11.78694725,277.2598572,286.5021973,206.2830505,2.56E-05,1.724821729,7.515188694,259.3696594,271.7213135,68.23709106,31.5
84,1989/1/1,14.95480645,1,3653,1,1,11.79194736,276.2999268,283.2146301,201.8238831,2.52E-05,1.920792096,7.533815384,256.702301,266.3851624,63.37599182,14.2
85,1989/2/1,15.49553571,1,3684,2,1,11.85311127,276.3348694,284.4013367,186.5824127,2.54E-05,2.028020772,7.568567276,257.5846863,248.383667,53.38623428,14.8
86,1989/3/1,15.42329032,1,3712,3,1,11.88597584,275.8734436,284.3526917,174.5835419,2.48E-05,1.998122999,7.674390793,258.1909485,231.8034058,46.2941246,10.5
87,1989/4/1,14.3284,1,3743,4,1,11.96950245,276.7107849,287.8847656,180.5645447,2.57E-05,1.801067085,7.870157242,261.9064026,234.9315491,52.57070923,15.8
88,1989/5/1,13.04412903,1,3773,5,1,12.14852333,278.3261719,294.183136,190.7332001,2.63E-05,1.632892091,8.150764465,268.4313354,245.9760895,59.12865067,0
89,1989/6/1,12.24453333,1,3804,6,1,12.41463947,279.7178345,302.006134,192.1455841,2.82E-05,1.507290368,8.586667061,275.9310303,250.5448303,55.93024063,0
90,1989/7/1,10.12970968,1,3834,7,1,12.89637184,280.3522339,305.9121399,185.8938751,2.89E-05,1.327339325,8.8441782,280.6504211,245.1916504,50.72540665,0
91,1989/8/1,7.881774194,1,3865,8,1,13.11118889,279.9544678,303.8135986,175.4806519,2.72E-05,1.258776265,8.763388634,278.8384399,233.3958588,43.21114349,0
92,1989/9/1,7.008333333,1,3896,9,1,12.95808983,278.8799744,297.0078125,169.7856293,2.64E-05,1.273588922,8.238280296,271.2832031,225.7791901,41.42441177,0.5
93,1989/10/1,8.828903226,1,3926,10,1,12.40610218,277.5524597,289.0090637,181.2089539,2.48E-05,1.345485405,7.763402462,262.890564,238.0245514,52.44302368,8.9
94,1989/11/1,11.11523333,1,3957,11,1,12.05497074,277.0497437,285.8596497,197.4910736,2.51E-05,1.495303616,7.605209827,259.290863,259.5046692,64.01937866,1.8
95,1989/12/1,13.38680645,1,3987,12,1,11.87112331,277.5439758,287.7278137,205.9250336,2.51E-05,1.706610836,7.607302189,261.2927246,271.2918396,67.90989685,21.6
96,1990/1/1,14.7826129,1,4018,1,1,11.84952545,277.3588562,288.8408203,198.8546448,2.52E-05,1.918362413,7.708329678,261.3448181,265.9633179,62.70513535,13
97,1990/2/1,15.57821429,1,4049,2,1,11.95698643,276.2882996,285.4672546,186.3409271,2.46E-05,2.049635927,7.751098633,258.8917847,248.3627014,53.41064835,13.3
98,1990/3/1,15.86674194,1,4077,3,1,11.97075844,276.2572937,286.4866028,173.8269958,2.51E-05,1.969283361,7.826338768,260.03302,231.6035309,46.33097458,25
99,1990/4/1,14.65006667,1,4108,4,1,12.07200813,277.3688965,290.474884,179.7167511,2.56E-05,1.803582634,8.004164696,264.2770386,234.4321289,52.18609238,7.6
100,1990/5/1,13.22583871,1,4138,5,1,12.26057148,279.0810852,297.6624451,189.5055389,2.66E-05,1.634223677,8.344246864,271.8849792,245.4522095,57.15581512,0.1
101,1990/6/1,11.64056667,1,4169,6,1,12.54985428,280.2045288,302.2030334,193.1381531,2.75E-05,1.523389448,8.698260307,277.8696899,250.3237457,55.97580719,0
102,1990/7/1,9.246612903,1,4199,7,1,12.9661274,280.6998901,307.5571899,185.3978424,2.85E-05,1.332792321,8.933048248,282.3312683,245.08992,49.95000076,0
103,1990/8/1,6.797483871,1,4230,8,1,13.1917572,279.9570618,303.8587646,175.8656006,2.70E-05,1.275528011,8.820765495,279.3944702,233.395813,43.17317581,0
104,1990/9/1,6.1428,1,4261,9,1,12.99408531,278.6430969,296.5154419,169.8740845,2.58E-05,1.303792675,8.256407738,271.281189,225.7220612,41.37364578,0
105,1990/10/1,8.484935484,1,4291,10,1,12.49405861,277.5362854,288.8525085,180.7781067,2.50E-05,1.37576875,7.846037388,263.0935059,237.7528839,52.10526657,6.1
106,1990/11/1,11.0752,1,4322,11,1,12.11546516,277.3450623,287.1819458,198.2478943,2.57E-05,1.527873478,7.668144703,260.6221313,259.1077576,64.40879822,17.1
107,1990/12/1,13.10554839,1,4352,12,1,11.96882057,277.3124695,287.7597961,205.7711792,2.53E-05,1.724587413,7.686529636,260.895874,271.0829468,67.55795288,12.7
108,1991/1/1,14.36380645,1,4383,1,1,11.91582203,277.117981,287.3600464,200.4999237,2.47E-05,1.950593269,7.726269245,260.4412231,266.3237,63.22013474,17
109,1991/2/1,15.24939286,1,4414,2,1,11.93229103,276.4624023,285.6353149,185.6876984,2.49E-05,2.051194068,7.742894173,259.4041443,248.2167816,53.11536026,2.8
110,1991/3/1,15.41612903,1,4442,3,1,11.95787907,275.7917786,285.0671387,174.1546936,2.44E-05,2.01484692,7.801703453,259.2402344,231.6573792,46.1455307,2
111,1991/4/1,14.85973333,1,4473,4,1,12.05177975,276.8660889,288.1864929,180.7707672,2.49E-05,1.822585146,7.934617996,262.7549438,234.6148529,52.60399628,19.1
112,1991/5/1,13.47312903,1,4503,5,1,12.21535492,278.9147339,297.0563049,189.617981,2.64E-05,1.626249683,8.301762581,271.1958618,245.4775391,58.35404968,0.4
113,1991/6/1,12.10803333,1,4534,6,1,12.54113674,280.4706116,304.630249,192.054718,2.80E-05,1.504156253,8.770608902,279.2433472,250.2304993,55.86594772,0
114,1991/7/1,9.514032258,1,4564,7,1,12.99670029,280.7470398,307.5221252,185.3570099,2.88E-05,1.331991454,8.911946297,282.3056335,245.1146698,50.41627121,0
115,1991/8/1,7.415354839,1,4595,8,1,13.19334698,280.2000732,305.2016907,175.0229492,2.71E-05,1.317314863,8.810585976,280.1097412,233.4487762,43.07480621,0
116,1991/9/1,6.4729,1,4626,9,1,12.95497036,279.0083618,297.8958435,169.4443359,2.57E-05,1.288233066,8.275978088,272.4559937,225.640976,41.56573486,0
117,1991/10/1,8.541419355,1,4656,10,1,12.43199444,277.5102539,289.0133057,181.2421112,2.52E-05,1.355799004,7.738914967,262.8828735,237.7056732,52.20558167,13.6
118,1991/11/1,10.8846,1,4687,11,1,11.99440479,277.2886658,285.7927856,197.9200287,2.49E-05,1.501605697,7.562170029,259.5341187,259.4220886,64.02932739,28.9
119,1991/12/1,12.94509677,1,4717,12,1,11.86687851,277.4525146,287.420166,205.0128784,2.47E-05,1.726132509,7.600867271,260.4332275,271.1729126,67.19450378,0.2
120,1992/1/1,14.64267742,1,4748,1,1,11.87196732,276.8902283,285.8258057,200.6742859,2.46E-05,1.922873855,7.593959332,259.2164917,266.4589539,62.93033981,10.9
121,1992/2/1,15.46210345,1,4779,2,1,11.93345642,276.1221008,283.960144,186.566925,2.52E-05,2.058799499,7.635644436,257.6756287,248.5473175,53.31463242,0
122,1992/3/1,15.48112903,1,4808,3,1,11.96656036,276.1470642,285.611145,173.9616394,2.50E-05,1.991264439,7.75743866,259.5747375,231.5611725,46.02596664,19.7
123,1992/4/1,14.6769,1,4839,4,1,12.02710819,276.8372803,287.8945313,180.6037292,2.53E-05,1.806145243,7.874291897,262.122345,235.0287628,52.65037537,0
124,1992/5/1,13.21554839,1,4869,5,1,12.19409466,278.6071167,295.6965637,190.1364899,2.66E-05,1.591570651,8.193945885,269.2549438,246.2875061,58.98085022,0
125,1992/6/1,12.14676667,1,4900,6,1,12.45292759,280.1085205,301.9006653,192.7075043,2.83E-05,1.43858951,8.561820984,276.4951477,250.796875,55.65738678,0
126,1992/7/1,10.32312903,1,4930,7,1,12.7821207,280.1105347,304.0924377,186.8872223,2.85E-05,1.291832179,8.697477341,278.8965454,245.5296173,51.14210129,0
127,1992/8/1,7.925258065,1,4961,8,1,12.96859932,279.5279236,301.3383484,175.6263733,2.72E-05,1.271989004,8.607260704,276.2021179,233.7588959,43.51042557,0
128,1992/9/1,7.4737,1,4992,9,1,12.80771637,278.1750488,294.2262268,169.5340424,2.59E-05,1.300368019,8.117229462,268.646759,225.9787445,42.0307045,0
129,1992/10/1,9.319516129,1,5022,10,1,12.24048615,277.3496399,287.9646912,180.8717651,2.48E-05,1.347909225,7.670638084,261.6672058,238.2319031,52.67601395,0
130,1992/11/1,11.37866667,1,5053,11,1,11.92240238,276.9447021,284.006012,198.8118744,2.57E-05,1.510014307,7.46184063,258.0834351,260.0039978,64.57112122,44.7
131,1992/12/1,13.4073871,1,5083,12,1,11.81721783,276.9824219,285.1065063,206.4865265,2.56E-05,1.756795812,7.492952824,258.2791138,271.9489746,67.86902618,18.8
132,1993/1/1,14.89606452,1,5114,1,1,11.89324951,276.7458801,284.5002441,201.2176208,2.55E-05,1.916102647,7.57433033,258.0247498,266.1635132,62.57491302,5.8
133,1993/2/1,15.68564286,1,5145,2,1,11.92447281,276.2088013,283.7242432,186.6930847,2.54E-05,2.052003357,7.539986134,257.4741821,248.2767029,53.08073807,9.3
134,1993/3/1,15.81316129,1,5173,3,1,11.93439484,275.4060364,281.4125671,175.5668182,2.54E-05,2.01152357,7.612170696,255.9600525,231.9989929,46.80488205,11.9
135,1993/4/1,15.0772,1,5204,4,1,11.98521233,276.5262146,286.7099304,180.6463928,2.54E-05,1.808176804,7.825821877,261.2415771,234.9477539,53.1676445,4.7
136,1993/5/1,13.36822581,1,5234,5,1,12.18853378,278.3179016,294.0995178,191.3473969,2.67E-05,1.637042565,8.179214478,268.9560852,245.8512268,59.64507675,0
137,1993/6/1,11.8709,1,5265,6,1,12.49136257,279.665802,301.5030212,192.1375427,2.86E-05,1.512664599,8.569768906,276.1382446,250.5452118,56.00837326,0.1
138,1993/7/1,9.476354839,1,5295,7,1,12.88473892,279.931488,305.5075684,184.0476379,2.92E-05,1.335046969,8.812951088,280.0754395,245.0481567,49.63299942,0
139,1993/8/1,7.335,1,5326,8,1,13.09423733,279.5572815,301.8682556,175.8605194,2.69E-05,1.303766503,8.636977196,277.2902832,233.6188812,43.29713821,0
140,1993/9/1,6.396666667,1,5357,9,1,12.87337303,278.1124573,294.0481873,170.1372833,2.59E-05,1.314345297,8.105454445,268.6738586,225.9848938,41.45484924,1.4
141,1993/10/1,8.786129032,1,5387,10,1,12.36407852,277.3574219,288.1687012,181.1223755,2.54E-05,1.353798075,7.719935417,262.0154114,238.0714264,52.28723526,10.5
142,1993/11/1,11.31873333,1,5418,11,1,12.03822231,276.9931335,285.3244934,198.4867401,2.60E-05,1.514078418,7.57021904,258.7192078,259.7487183,64.85059357,27
143,1993/12/1,13.31896774,1,5448,12,1,11.87908268,276.7877808,284.7268982,205.9048309,2.52E-05,1.761978991,7.594433784,258.4212952,271.7301941,67.88269043,9
144,1994/1/1,14.72977419,1,5479,1,1,11.8805542,276.6257019,284.2202148,201.8229218,2.46E-05,1.931878243,7.602535725,258.3459778,266.5231018,63.45743942,11.5
145,1994/2/1,15.56189286,1,5510,2,1,11.87872791,275.7062378,282.0782166,186.7922516,2.49E-05,2.045082214,7.552518845,255.6699677,248.7769318,53.65084457,15.4
146,1994/3/1,15.5536129,1,5538,3,1,11.94468021,275.4042664,282.7518005,174.95784,2.59E-05,1.972986504,7.641719341,256.7188416,231.9984741,46.77788162,14.9
147,1994/4/1,14.88803333,1,5569,4,1,11.998106,276.7662659,287.6729736,180.290741,2.58E-05,1.776609759,7.810751915,262.1044617,234.8480377,52.92453384,22.8
148,1994/5/1,13.6243871,1,5599,5,1,12.1909523,278.2203674,293.8437195,190.4568024,2.70E-05,1.614039019,8.121135712,268.3444824,245.9869843,60.04356384,0
149,1994/6/1,12.0164,1,5630,6,1,12.43678951,280.0703125,302.108429,191.4299622,2.91E-05,1.515532198,8.569580078,276.761261,250.5398102,55.91210938,0
150,1994/7/1,9.92516129,1,5660,7,1,12.86184788,280.1549072,305.0101318,185.4692078,2.89E-05,1.329862634,8.797906876,280.0800781,245.278595,50.6006279,0
151,1994/8/1,7.639290323,1,5691,8,1,13.11561394,279.627533,302.5611267,175.5055237,2.76E-05,1.299480212,8.685194969,277.4932556,233.5900726,43.101017,0
152,1994/9/1,7.1376,1,5722,9,1,12.93157482,278.6099854,295.5549622,169.8117065,2.60E-05,1.295787307,8.177734375,270.2364807,225.8275146,41.5267334,0.4
153,1994/10/1,8.915290323,1,5752,10,1,12.52349472,277.6325073,288.7780457,181.347168,2.50E-05,1.32257111,7.765999794,262.9490662,237.9623718,52.2481308,0
154,1994/11/1,11.1232,1,5783,11,1,12.13348866,277.2460022,286.3040161,198.2355499,2.59E-05,1.481234775,7.622051239,259.937439,259.3754578,64.32470703,23.7
155,1994/12/1,13.27187097,1,5813,12,1,11.97340679,277.0661011,285.7736206,205.8740234,2.56E-05,1.719380786,7.60531044,259.2008057,271.6939087,67.91378784,10.3
156,1995/1/1,14.5863871,1,5844,1,1,11.93393898,276.7639771,285.274353,201.2985992,2.58E-05,1.945679413,7.62608242,258.8280945,266.8117371,63.79144669,12
157,1995/2/1,15.22567857,1,5875,2,1,11.99347496,276.59729,285.0438232,187.4004822,2.49E-05,2.058278192,7.693618298,258.9675903,248.6828766,53.51305008,16.3
158,1995/3/1,15.26016129,1,5903,3,1,12.02982521,275.634552,283.4271851,175.5047913,2.61E-05,1.989524988,7.724792004,257.6955566,231.9680023,46.88451767,16.4
159,1995/4/1,14.4486,1,5934,4,1,12.04769421,277.1035767,289.3112793,180.7205353,2.57E-05,1.816336731,7.915488243,264.1176147,234.2697754,53.45406723,24.1
160,1995/5/1,12.97206452,1,5964,5,1,12.20219803,278.6126709,295.3601379,189.9125977,2.72E-05,1.61915978,8.212924004,269.914032,245.620285,58.47183228,0.8
161,1995/6/1,11.44043333,1,5995,6,1,12.56704617,280.1408691,303.5378113,191.5678406,2.92E-05,1.500922566,8.668283463,277.6158447,250.4712982,55.52242661,0
162,1995/7/1,8.987096774,1,6025,7,1,13.0269022,280.6305542,306.3261719,185.2323303,2.92E-05,1.313480691,8.859257698,281.3403015,245.2262268,49.82243729,0
163,1995/8/1,6.744354839,1,6056,8,1,13.18628979,279.9797058,304.5002747,175.2605591,2.81E-05,1.298588195,8.821647644,279.7258301,233.5306396,43.03831863,0
164,1995/9/1,6.080133333,1,6087,9,1,13.00301743,278.6691895,297.1056213,169.1270752,2.63E-05,1.278422526,8.341151237,272.0957336,225.6117859,40.39111328,8.6
165,1995/10/1,7.828935484,1,6117,10,1,12.52597618,278.0030518,290.2824097,179.8028717,2.62E-05,1.324056182,7.851925373,263.9485168,237.6775818,50.15792847,3.1
166,1995/11/1,10.76086667,1,6148,11,1,12.09234142,277.4101868,286.0045776,198.9595184,2.57E-05,1.470992098,7.574595451,259.7497253,259.6778564,64.41267395,17.8
167,1995/12/1,12.92083871,1,6178,12,1,11.89958858,276.9690247,285.5464783,205.7291718,2.62E-05,1.664332648,7.544900417,258.597229,271.6308289,66.98433685,3.4
168,1996/1/1,14.18087097,1,6209,1,1,11.88640022,276.556366,284.9082031,201.2849274,2.60E-05,1.9260798,7.591672421,257.9613953,266.9224854,63.72581482,29.1
169,1996/2/1,15.15482759,1,6240,2,1,11.9303894,276.3000793,284.6416931,186.0141907,2.61E-05,2.028866719,7.653626919,257.9956055,248.3955078,53.33040619,5.9
170,1996/3/1,15.12280645,1,6269,3,1,11.97018719,275.719696,284.525177,174.2996063,2.63E-05,2.003470314,7.72781086,257.9805298,231.7428284,47.2156601,17.7
171,1996/4/1,14.21586667,1,6300,4,1,12.01688957,276.9620056,288.4872742,180.7939148,2.62E-05,1.814464023,7.832039833,262.6079712,235.0227509,54.61356354,7.6
172,1996/5/1,13.09454839,1,6330,5,1,12.17514801,278.2771912,294.8967896,189.7456055,2.73E-05,1.613798429,8.161850929,268.4118958,246.1369171,59.83264923,0
173,1996/6/1,12.08383333,1,6361,6,1,12.4652195,279.6923218,301.5272522,191.9872131,2.91E-05,1.507729276,8.549994469,275.6632996,250.7164001,57.6112709,0
174,1996/7/1,10.16425806,1,6391,7,1,12.85947323,280.2487183,305.3301086,184.9845276,2.97E-05,1.333117705,8.801512718,279.4266357,245.3126678,50.88164902,0
175,1996/8/1,8.180451613,1,6422,8,1,13.08450985,280.5058289,305.0682068,175.0061188,2.76E-05,1.258420664,8.683279037,279.2320557,233.571701,43.39577484,0
176,1996/9/1,7.582533333,1,6453,9,1,12.93799591,278.6730042,296.4443359,169.4807587,2.69E-05,1.267718648,8.210160255,270.4011536,225.827713,41.16693497,6.1
177,1996/10/1,9.160967742,1,6483,10,1,12.37940502,277.3684387,288.6508789,180.3789825,2.62E-05,1.320237697,7.776416302,262.2062683,238.2888947,51.49676895,0.1
178,1996/11/1,10.4017,1,6514,11,1,12.02765179,278.0345764,288.7101746,198.5644989,2.70E-05,1.464978164,7.601074219,261.5433655,259.8782043,64.28579712,16.6
179,1996/12/1,12.86125806,1,6544,12,1,11.88788986,277.3480225,287.1187744,205.1511841,2.65E-05,1.671653399,7.592784882,259.866394,271.6645203,67.31801605,6.1
180,1997/1/1,14.41748387,1,6575,1,1,11.85949802,276.4162292,284.5137939,200.2987213,2.66E-05,1.902406829,7.569050312,257.2488403,266.3208923,62.62126541,19
181,1997/2/1,15.43671429,1,6606,2,1,11.90029716,275.7858582,283.0943909,185.1377411,2.70E-05,2.052075848,7.61414957,256.0840759,248.4623718,53.22522736,28.8
182,1997/3/1,15.46751613,1,6634,3,1,11.98767662,276.3371582,285.6548462,174.8439789,2.64E-05,1.459145664,7.765197277,259.1810608,231.7405548,46.53160858,14.1
183,1997/4/1,14.56303333,1,6665,4,1,12.02182865,276.867157,288.0917969,180.7600861,2.68E-05,1.284816971,7.857412338,261.8604126,234.752182,53.86465836,38.6
184,1997/5/1,13.17716129,1,6695,5,1,12.24245548,278.7119751,295.0672302,190.6630096,2.76E-05,1.145529621,8.184196472,269.1801453,245.9577179,60.38727951,0
185,1997/6/1,11.73836667,1,6726,6,1,12.63095093,280.1316528,302.8058167,192.9576416,2.93E-05,1.031602492,8.659926414,277.6021423,250.4139862,56.32236099,0
186,1997/7/1,9.41083871,1,6756,7,1,13.0763731,280.1289673,305.9681396,184.8830719,2.94E-05,0.952999921,8.925032616,280.788269,244.9090271,49.69664764,0
187,1997/8/1,7.285032258,1,6787,8,1,13.28679085,280.1357117,303.6929932,175.3104553,2.79E-05,0.912937896,8.813035965,278.7506104,233.3421478,42.2949791,0
188,1997/9/1,6.686333333,1,6818,9,1,13.17500973,279.0198364,297.9988098,169.1823425,2.67E-05,0.909580917,8.391795158,272.4320984,225.5010223,40.47432709,0
189,1997/10/1,8.336548387,1,6848,10,1,12.66383648,278.0173035,291.6273804,179.2207794,2.61E-05,0.917057184,7.942641735,264.9949646,237.8041687,51.11533356,30.1
190,1997/11/1,10.68416667,1,6879,11,1,12.25601292,277.8765869,288.550415,197.4714355,2.65E-05,0.984086543,7.780023098,261.9444885,259.2795105,64.35400391,18.2
191,1997/12/1,13.07619355,1,6909,12,1,12.10692501,277.43573,287.7639771,206.1207428,2.63E-05,1.158408357,7.798683643,260.968811,271.4336243,68.09568787,9.9
192,1998/1/1,14.72051613,1,6940,1,1,12.07040596,277.1913757,288.1777954,199.6587219,2.61E-05,1.377383332,7.837088108,261.1519165,266.0154114,62.80553436,10.4
193,1998/2/1,15.74582143,1,6971,2,1,12.11713409,276.4249573,286.382843,185.1033936,2.62E-05,1.52830089,7.880451679,259.8904419,247.8643341,53.20612335,1.7
194,1998/3/1,15.59809677,1,6999,3,1,12.12773132,276.1705017,286.6072083,172.9697418,2.65E-05,1.470444827,7.881927013,259.8815613,231.5265656,46.76468277,42.6
195,1998/4/1,14.89193333,1,7030,4,1,12.22991276,277.1174011,291.3025513,177.7174683,2.66E-05,1.307271205,8.127063751,265.0264282,234.0933685,53.17630386,19.4
196,1998/5/1,13.58983871,1,7060,5,1,12.41404819,279.2285461,298.4846802,188.769928,2.82E-05,1.154987124,8.405174255,272.1827087,245.5424194,59.24183273,0
197,1998/6/1,11.7057,1,7091,6,1,12.70673656,280.7398071,306.1213379,190.7579803,2.92E-05,1.090143329,8.794207573,280.4766541,249.947998,55.60263062,0
198,1998/7/1,9.41516129,1,7121,7,1,13.14201641,280.9496155,309.9325256,183.4808502,2.97E-05,0.948058766,9.083068848,284.364624,244.5021057,49.50215149,0
199,1998/8/1,7.508870968,1,7152,8,1,13.33646202,280.5600891,308.2956238,172.8392944,2.82E-05,0.925407299,8.974773407,282.3649597,232.9142914,42.10320663,0
200,1998/9/1,6.536033333,1,7183,9,1,13.05328274,279.0946655,300.475647,166.4489594,2.70E-05,0.927827985,8.435655594,273.8215332,225.234375,39.88796997,0
201,1998/10/1,8.451870968,1,7213,10,1,12.53716373,277.7113953,291.0759888,178.370285,2.63E-05,0.921304853,7.924145222,264.3930664,237.5800629,51.45079803,0
202,1998/11/1,10.4406,1,7244,11,1,12.1884985,277.6361694,287.6183777,197.1189117,2.64E-05,1.020503374,7.688497543,261.1891479,259.4071045,64.68946838,9.5
203,1998/12/1,12.75864516,1,7274,12,1,11.95752144,277.4316406,288.0353088,204.08284,2.71E-05,1.16453863,7.661702633,260.256958,271.5942078,68.09121704,17.8
204,1999/1/1,14.3593871,1,7305,1,1,11.91461658,276.9664612,286.8919678,198.9958649,2.63E-05,1.424100113,7.677554131,259.2790222,266.3209839,62.95912933,9.7
205,1999/2/1,15.30892857,1,7336,2,1,11.96295166,276.5067139,286.3852539,184.7094574,2.66E-05,1.552454629,7.68945837,258.8535767,248.4183502,53.13531113,1.2
206,1999/3/1,15.39767742,1,7364,3,1,12.0184021,275.8164673,284.8252563,173.7023315,2.62E-05,1.502838471,7.718498707,258.3486938,231.8683319,46.66720581,6.5
207,1999/4/1,15.0839,1,7395,4,1,12.05349445,276.7472839,288.1201782,179.5760956,2.63E-05,1.313157139,7.816473007,261.9004822,234.5988464,53.57430267,34.4
208,1999/5/1,13.75096774,1,7425,5,1,12.16761398,278.6629028,294.7614136,190.7677155,2.66E-05,1.170948199,8.102860451,269.1122437,245.8079224,60.57433701,1.99
209,1999/6/1,11.77916667,1,7456,6,1,12.51717186,280.1716919,302.7221985,191.2585754,2.82E-05,1.070486841,8.516293526,276.8640137,250.399765,55.49451065,0
210,1999/7/1,9.488290323,1,7486,7,1,12.88580608,280.4495239,307.2593079,183.868103,2.92E-05,0.94261273,8.846343994,281.5536194,244.9597168,49.92747879,0
211,1999/8/1,7.225580645,1,7517,8,1,13.10103226,280.2645874,303.8439941,175.8065338,2.70E-05,0.928445516,8.675033569,279.1885681,233.4400177,42.91455078,0
212,1999/9/1,6.116866667,1,7548,9,1,12.91358662,279.1295471,298.7258301,168.1994476,2.70E-05,0.931192374,8.265752792,272.4319458,225.5210266,39.95941925,1.6
213,1999/10/1,8.602806452,1,7578,10,1,12.44737244,278.0106812,291.0019836,179.3253326,2.65E-05,0.918802918,7.8126297,264.3061218,237.3369904,51.05596161,6.1
214,1999/11/1,10.79646667,1,7609,11,1,12.05751133,277.6408691,287.6894226,198.1482697,2.66E-05,1.020360254,7.595479012,260.4614563,259.2305603,64.08567047,10.5
215,1999/12/1,12.64119355,1,7639,12,1,11.87212372,277.4078979,287.115509,205.6294098,2.68E-05,1.204475917,7.553942204,259.3270874,271.8362122,68.35559845,9.7
216,2000/1/1,14.22035484,1,7670,1,1,11.87457848,276.7400513,284.2946777,201.562439,2.59E-05,1.398827235,7.56911087,257.3923645,266.8999329,63.70014572,3.8
217,2000/2/1,15.14148276,1,7701,2,1,11.89757633,276.459137,284.7893066,186.0382843,2.63E-05,1.533957769,7.656259537,258.4013672,248.4246216,53.46601105,5.4
218,2000/3/1,15.22483871,1,7730,3,1,11.94851208,276.2731018,285.8173523,174.1369171,2.62E-05,1.48703126,7.717301369,259.322998,231.6947632,46.59915543,26.6
219,2000/4/1,14.55816667,1,7761,4,1,12.0623827,277.1800842,289.7937317,179.6068878,2.67E-05,1.312399257,7.904513359,263.3258667,234.7488403,53.34811401,8.9
220,2000/5/1,13.15267742,1,7791,5,1,12.21473789,278.5307617,295.3373718,190.5423584,2.72E-05,1.173175385,8.145559311,269.2804565,246.1238403,60.8560791,0
221,2000/6/1,11.66523333,1,7822,6,1,12.51171684,280.2041931,303.4195557,190.4932098,2.88E-05,1.07833391,8.558130264,277.373291,250.4329834,55.57915878,0
222,2000/7/1,9.513,1,7852,7,1,12.94588375,280.4723206,306.2238159,185.3425598,2.90E-05,0.933460814,8.773303986,280.8141174,245.0250702,49.88899612,0
223,2000/8/1,7.168322581,1,7883,8,1,13.18309975,280.2134399,304.2062988,174.9603119,2.77E-05,0.894469191,8.74447155,279.0092163,233.2596741,42.61333466,0
224,2000/9/1,6.246066667,1,7914,9,1,12.97392941,278.980011,298.0503235,168.2076569,2.68E-05,0.912851052,8.240859985,271.549408,225.6240692,40.49915314,6.5
225,2000/10/1,8.379419355,1,7944,10,1,12.51680851,277.8278809,291.2122803,179.0156555,2.65E-05,0.925278078,7.836919308,264.2674561,238.0599518,51.45089722,0.9
226,2000/11/1,10.3211,1,7975,11,1,12.12865925,277.6773071,288.1162415,196.5329132,2.64E-05,1.017130754,7.659852505,261.1828308,259.4013672,64.24199677,10.9
227,2000/12/1,12.63725806,1,8005,12,1,11.94606304,277.4257202,286.9131775,205.7072601,2.66E-05,1.193767703,7.628529549,259.943573,271.7294312,68.23590088,8.5
228,2001/1/1,14.2026129,1,8036,1,1,11.95414639,277.0064087,285.851532,200.9850159,2.61E-05,1.415818649,7.632738113,259.0682068,266.3496094,63.64676285,10.3
229,2001/2/1,15.21114286,1,8067,2,1,11.99341679,276.4541016,285.3558044,185.8676453,2.63E-05,1.529999864,7.680532455,258.526001,248.0454102,53.62256622,13.1
230,2001/3/1,15.51632258,1,8095,3,1,12.07759666,275.8051453,284.6522217,174.4712219,2.64E-05,1.476775514,7.773481846,258.4148865,231.7183075,47.29883957,16.6
231,2001/4/1,14.85683333,1,8126,4,1,12.12000275,276.8272705,289.1964111,180.101593,2.69E-05,1.312601833,7.935818672,262.704895,234.8111725,54.04790878,10.5
232,2001/5/1,13.5096129,1,8156,5,1,12.27858448,278.8707275,296.5830078,190.1864014,2.74E-05,1.175640363,8.205021858,270.5470886,246.0352173,61.33194733,6.5
233,2001/6/1,11.45593333,1,8187,6,1,12.57428169,280.2932129,303.0566406,191.484314,2.93E-05,1.073307499,8.608095169,277.3753357,250.5473785,55.9352951,0
234,2001/7/1,9.070354839,1,8217,7,1,12.98985767,280.7270508,307.9875183,184.8270721,2.99E-05,0.944466126,8.926815033,282.4747009,244.9155579,49.83137512,0
235,2001/8/1,7.460806452,1,8248,8,1,13.21250439,280.2251892,305.6954651,174.8530273,2.79E-05,0.901858104,8.889333725,280.6351624,233.0556335,42.74067688,0
236,2001/9/1,6.732166667,1,8279,9,1,13.05741596,279.3050537,299.8044434,168.1447449,2.67E-05,0.90130231,8.38008213,273.4911804,225.3976593,40.13674927,1.03
237,2001/10/1,8.298290323,1,8309,10,1,12.6044054,278.1755371,292.2040405,179.8230591,2.61E-05,0.918663643,7.957470894,265.2050476,237.7611084,50.95194626,0.3
238,2001/11/1,10.65783333,1,8340,11,1,12.18515587,277.9975891,289.0352173,197.0391693,2.70E-05,1.027022315,7.72713232,261.9316406,259.4229126,63.55895233,7.3
239,2001/12/1,12.49074194,1,8370,12,1,12.00756359,277.8595276,289.5139771,205.4620667,2.67E-05,1.185280519,7.699539185,261.6987915,271.4970703,68.02119446,4.7
240,2002/1/1,14.2726129,1,8401,1,1,11.97433567,277.3655396,288.3786316,199.6472626,2.63E-05,1.383301504,7.724935532,260.9292297,266.0594177,63.04473495,18.5
241,2002/2/1,15.34235714,1,8432,2,1,11.98428249,276.256134,285.1057434,185.3361053,2.62E-05,1.504190786,7.759100914,258.195282,248.2755127,53.23679733,8.3
242,2002/3/1,15.34890323,1,8460,3,1,12.09026527,276.8104248,289.0274658,173.5638123,2.71E-05,1.447726365,7.883976936,261.7953186,231.5619202,46.49078751,22.6
243,2002/4/1,14.29943333,1,8491,4,1,12.14080143,277.2569275,290.5025635,178.8807831,2.67E-05,1.292608747,7.939757824,263.3581238,234.8453522,53.65397644,0.1
244,2002/5/1,12.9706129,1,8521,5,1,12.30124664,279.583374,298.2543335,191.0558319,2.72E-05,1.144224976,8.256924629,272.1495667,245.8417816,60.83748245,1.6
245,2002/6/1,11.5834,1,8552,6,1,12.58495903,280.4566956,304.9973755,190.9936829,2.92E-05,1.047052672,8.6994133,278.92099,250.4016571,56.04494095,0
246,2002/7/1,9.27416129,1,8582,7,1,12.95983028,280.8714294,308.3601379,184.327713,2.92E-05,0.927747437,8.945825577,282.6617432,245.0124054,49.83932495,0
247,2002/8/1,6.599,1,8613,8,1,13.1469593,280.473938,306.8973083,173.7110138,2.80E-05,0.914337391,8.820980072,281.0996094,233.2362366,42.37615967,0
248,2002/9/1,5.827133333,1,8644,9,1,12.99418449,279.5304565,300.6055298,167.9355316,2.68E-05,0.905784697,8.360913277,274.1738892,225.4487305,39.88171768,0
249,2002/10/1,8.161903226,1,8674,10,1,12.57674599,278.3735352,292.7845764,178.9107819,2.62E-05,0.912153352,7.906810284,266.0451355,237.5696716,51.40546036,16.1
250,2002/11/1,10.34186667,1,8705,11,1,12.16435242,277.6667175,288.4286194,196.7988586,2.67E-05,1.017351156,7.703603745,261.5866394,259.5163879,64.28638458,13
251,2002/12/1,12.60845161,1,8735,12,1,12.01678181,277.6568909,289.2019958,204.1008911,2.65E-05,1.182410027,7.691336155,261.4683533,271.4465637,68.23184967,0.5
252,2003/1/1,14.39083871,1,8766,1,1,11.94811153,277.5172729,288.868103,199.6816559,2.63E-05,1.381274346,7.736608505,261.5568542,266.0140991,63.79555893,0.5
253,2003/2/1,15.19314286,1,8797,2,1,12.01219368,276.230011,285.6545105,185.3049622,2.56E-05,1.503989883,7.756991863,258.7588196,248.3328094,54.03950119,22.8
254,2003/3/1,15.48490323,1,8825,3,1,12.05205917,275.9808655,285.425415,174.3339233,2.63E-05,1.459445063,7.777844906,258.838501,231.8713074,47.55373764,34.7
255,2003/4/1,14.51206667,1,8856,4,1,12.1070528,277.3819275,291.1776123,179.1489868,2.67E-05,1.291328501,7.953429699,264.3058167,234.4969482,53.60108566,6.2
256,2003/5/1,13.01606452,1,8886,5,1,12.27511787,279.2037659,298.4374084,188.4379425,2.76E-05,1.137487946,8.286086082,271.4325562,245.6464996,59.16915894,5.2
257,2003/6/1,11.60403333,1,8917,6,1,12.60908318,280.1957703,303.8378296,191.3641052,2.85E-05,1.05014935,8.64013195,277.7880249,250.317215,56.427948,0
258,2003/7/1,9.214774194,1,8947,7,1,13.06477642,280.7052612,307.9770813,184.9250793,2.96E-05,0.908310633,8.982571602,282.3636475,245.0733032,50.07408905,0
259,2003/8/1,6.935870968,1,8978,8,1,13.30177021,280.688324,307.3417053,174.4034729,2.79E-05,0.909450818,8.922687531,281.5200806,233.3153229,42.34907532,0
260,2003/9/1,6.1161,1,9009,9,1,13.09627724,279.6072083,300.8299255,168.6213531,2.72E-05,0.931467965,8.467627525,274.4901733,225.4533691,40.06129074,0
261,2003/10/1,7.848290323,1,9039,10,1,12.65675163,278.464447,293.4217224,179.9220428,2.62E-05,0.924857765,7.972080708,266.5131531,237.5832825,51.18217087,0.4
262,2003/11/1,10.12533333,1,9070,11,1,12.21944141,277.7719727,289.5088806,196.7216034,2.66E-05,1.034596648,7.737046719,262.0218811,259.2290955,64.08747864,7.5
263,2003/12/1,12.58835484,1,9100,12,1,11.98312283,278.0567017,290.0970459,204.2823181,2.69E-05,1.171962022,7.719108582,262.3326721,271.1804504,67.82225037,9.9
264,2004/1/1,14.02641935,1,9131,1,1,11.9431448,277.3439636,288.9613953,199.8336182,2.56E-05,1.391444219,7.739890575,261.40448,266.1330261,63.38380814,12
265,2004/2/1,14.91437931,1,9162,2,1,12.00262833,276.6122437,285.8226929,186.4567261,2.62E-05,1.521080522,7.737471104,259.364624,248.2075348,53.75505066,18
266,2004/3/1,14.99258065,1,9191,3,1,12.03522968,276.0934448,286.3005371,174.0405426,2.66E-05,1.463700691,7.818529129,259.6499939,231.6346436,46.89007187,7.9
267,2004/4/1,13.98733333,1,9222,4,1,12.12119198,277.5406494,291.4057312,179.8786774,2.66E-05,1.287296003,7.999411106,264.9631653,234.6703186,53.75039673,14.9
268,2004/5/1,12.55841935,1,9252,5,1,12.25050545,278.9228821,296.6903076,189.7510681,2.73E-05,1.169837897,8.210139275,270.5242615,246.0173492,59.87483978,1.99
269,2004/6/1,11.44706667,1,9283,6,1,12.52486992,280.2808533,303.9281616,190.9776764,2.91E-05,1.068332882,8.613629341,277.7654724,250.4792786,56.56381226,0
270,2004/7/1,9.431354839,1,9313,7,1,12.98202324,280.1296997,306.4205322,185.3469238,2.86E-05,0.9410912,8.898138046,280.8896179,244.9013519,50.20583344,0
271,2004/8/1,6.85483871,1,9344,8,1,13.24402046,280.1557922,305.176178,174.5309296,2.80E-05,0.893907781,8.823642731,279.5306702,233.1025543,42.58113098,0
272,2004/9/1,5.9845,1,9375,9,1,13.12774181,279.370636,299.8944397,168.1911469,2.75E-05,0.894015949,8.366333961,273.2203674,225.5886841,40.38481903,0
273,2004/10/1,7.925290323,1,9405,10,1,12.62541771,278.2964172,292.7252502,180.1600342,2.64E-05,0.904932837,7.943962574,265.7810974,237.9947357,51.79890442,0
274,2004/11/1,10.34326667,1,9436,11,1,12.24725342,277.6965942,288.2142639,199.103775,2.62E-05,1.007412992,7.723799706,261.3688965,259.7299194,64.9626236,17.6
275,2004/12/1,12.55358065,1,9466,12,1,12.05020237,277.6671448,288.711792,206.0577393,2.69E-05,1.164500594,7.73509264,261.2966919,271.3329468,68.25738525,6.7
276,2005/1/1,13.66145161,1,9497,1,1,12.01181698,277.9172668,291.0833435,199.8395538,2.62E-05,1.367729716,7.80556345,263.3110352,265.6514893,62.6786499,15.9
277,2005/2/1,14.37285714,1,9528,2,1,12.05236244,276.9013672,288.4646912,185.1150208,2.58E-05,1.47110203,7.801801205,260.9532776,247.8682709,53.47958374,3.3
278,2005/3/1,14.6866129,1,9556,3,1,12.09393406,276.4206543,287.2428589,174.5824127,2.59E-05,1.440186502,7.858830452,260.6203308,231.5001373,47.21757126,11.2
279,2005/4/1,14.08983333,1,9587,4,1,12.14840221,277.5056763,291.1551208,180.6264801,2.63E-05,1.28318064,8.00961113,264.7906799,234.6754456,54.03091431,21.8
280,2005/5/1,12.91109677,1,9617,5,1,12.33531284,279.4544067,298.5349731,190.7733154,2.69E-05,1.15498796,8.358994484,272.8485413,245.6181335,59.58597946,0.2
281,2005/6/1,11.16203333,1,9648,6,1,12.68017483,280.8234253,305.9019775,192.188858,2.80E-05,1.053901288,8.790543556,280.353302,250.0996246,56.7864151,0
282,2005/7/1,8.648741935,1,9678,7,1,13.10094547,280.9021912,309.2715454,184.8084259,2.97E-05,0.932628977,9.044371605,283.5978394,244.7852936,49.79715347,0
283,2005/8/1,6.301129032,1,9709,8,1,13.34729671,280.5702209,307.106842,174.5535583,2.79E-05,0.919900448,8.929857254,281.5292664,233.0706482,42.40070343,0
284,2005/9/1,5.503766667,1,9740,9,1,13.14848709,279.6128235,300.9245605,168.026886,2.72E-05,0.925590483,8.503432274,274.8189697,225.3870087,40.20439148,0
285,2005/10/1,7.351967742,1,9770,10,1,12.65528297,278.7878113,294.8658447,179.1691284,2.67E-05,0.923984973,8.030755043,267.8170776,237.5535736,51.21302032,6.95
286,2005/11/1,10.21633333,1,9801,11,1,12.19695759,278.0795288,290.1430054,197.3161774,2.62E-05,1.038957589,7.72848177,262.9296265,259.5037537,64.26721954,1.9
287,2005/12/1,12.2276129,1,9831,12,1,11.98480892,278.230072,290.5118713,206.0064545,2.58E-05,1.199652842,7.717879772,263.5832214,271.0220947,67.62853241,6.3
288,2006/1/1,13.46558065,1,9862,1,1,11.93899727,277.6253662,290.2002869,199.2259064,2.71E-05,1.438116656,7.78483057,262.4059143,265.9274597,62.55886459,5.5
289,2006/2/1,14.32496429,1,9893,2,1,12.00588226,276.7082825,287.6879578,185.8578033,2.55E-05,1.549125048,7.82502985,260.5836792,248.0434723,53.42706299,11.4
290,2006/3/1,14.42096774,1,9921,3,1,12.04797649,276.415802,287.0500488,174.450592,2.61E-05,1.472697755,7.845983505,260.7872314,231.6090698,46.91057968,23.3
291,2006/4/1,13.90586667,1,9952,4,1,12.13784122,277.5126038,291.2538147,180.2836761,2.63E-05,1.326990558,8.014010429,265.1771851,234.5110321,53.44439697,2.9
292,2006/5/1,12.51735484,1,9982,5,1,12.30469894,279.0584412,297.6767578,189.3484955,2.70E-05,1.157035685,8.265807152,271.6036072,245.5270386,57.82531357,0.1
293,2006/6/1,10.9195,1,10013,6,1,12.62810421,280.4686584,305.4370117,190.3408356,2.92E-05,1.060386787,8.733072281,279.5011292,250.1594086,55.41891098,0
294,2006/7/1,8.45983871,1,10043,7,1,13.08876324,280.4880981,308.5952148,183.7049103,2.96E-05,0.959418639,9.014296532,282.9697876,244.723465,49.47628403,0
295,2006/8/1,6.495612903,1,10074,8,1,13.32677364,280.6360168,307.5317383,173.8843842,2.83E-05,0.943848297,8.912446022,281.4681091,233.2730255,42.20658875,0
296,2006/9/1,5.862433333,1,10105,9,1,13.10875416,279.4501343,300.916626,168.1867218,2.72E-05,0.937540637,8.488267899,274.7052002,225.349411,40.24383926,0
297,2006/10/1,7.541096774,1,10135,10,1,12.60915947,278.4315186,294.5469971,178.6259308,2.68E-05,0.943455307,8.06705761,267.5298767,237.4086304,51.36743164,15.2
298,2006/11/1,9.658733333,1,10166,11,1,12.19230747,278.1005859,290.1413269,198.1487732,2.68E-05,1.046220743,7.800332069,263.1235046,259.1421509,64.37889099,12
299,2006/12/1,11.95467742,1,10196,12,1,12.01831532,277.6566772,288.3421021,206.4874573,2.71E-05,1.226566649,7.763123989,261.4686279,271.7062683,68.97590637,45.5
300,2007/1/1,13.70303226,1,10227,1,1,11.94050407,277.6810913,289.7798157,199.8624878,2.65E-05,1.403847399,7.828716278,262.7325134,265.8088989,63.32587433,27.5
301,2007/2/1,14.51325,1,10258,2,1,12.0030508,276.550415,286.2797546,186.5654144,2.55E-05,1.516316005,7.789916992,260.0361938,248.3654633,54.00170517,15.3
302,2007/3/1,14.54209677,1,10286,3,1,12.03327847,276.1801453,286.8826904,174.0297546,2.71E-05,1.465352098,7.878543377,260.4167786,231.6507416,47.14958191,4.5
303,2007/4/1,13.8452,1,10317,4,1,12.10197449,277.7184143,292.3106689,180.0363617,2.69E-05,1.313171423,8.052354813,266.2580261,234.2019958,53.48022461,2.2
304,2007/5/1,12.77967742,1,10347,5,1,12.27444267,279.4053345,298.4138184,189.2200623,2.71E-05,1.172679167,8.350748062,272.5056458,245.661377,59.60650635,1.99
305,2007/6/1,11.22006667,1,10378,6,1,12.62598896,280.7434082,305.6627502,191.563324,2.95E-05,1.073850234,8.729434967,279.9984436,250.1082458,56.20905304,0
306,2007/7/1,7.94283871,1,10408,7,1,13.05511475,281.0008545,309.0912476,184.4613037,2.91E-05,0.952302854,9.029097557,283.8003235,244.913208,49.17206192,0
307,2007/8/1,5.342322581,1,10439,8,1,13.28851223,280.4669495,307.7826538,172.9383545,2.85E-05,0.944523988,8.943552017,281.9975891,233.0810547,41.67578506,0
308,2007/9/1,4.267266667,1,10470,9,1,13.07370472,279.31073,300.3900757,167.5919952,2.74E-05,0.990161853,8.458548546,273.8644714,225.4636536,40.05952835,0
309,2007/10/1,6.039709677,1,10500,10,1,12.56491184,278.6612244,293.4762268,179.12677,2.72E-05,0.971307998,7.981070518,266.6824646,237.5048981,51.5462532,0.1
310,2007/11/1,9.760166667,1,10531,11,1,12.05940723,277.9136047,288.2432251,197.1758881,2.67E-05,1.046045672,7.677431583,261.5216064,259.2246094,64.43488312,5.9
311,2007/12/1,12.03396774,1,10561,12,1,11.83968925,277.6279297,288.3679504,205.6434631,2.72E-05,1.199122973,7.641129017,260.733429,271.5966187,69.81382751,30
312,2008/1/1,13.88725806,1,10592,1,1,11.83051109,276.6240234,286.1082153,199.7626953,2.63E-05,1.388414269,7.647885323,258.5274963,266.4545898,64.42684174,10.3
313,2008/2/1,14.95344828,1,10623,2,1,11.85734272,276.0924988,283.9297485,186.7705994,2.67E-05,1.555915498,7.632292271,257.4151611,248.5392303,54.57248688,10.4
314,2008/3/1,15.17890323,1,10652,3,1,11.92253399,276.0751648,285.0002136,174.9013977,2.55E-05,1.480085218,7.735738754,259.1699524,231.6214905,47.28046799,17.6
315,2008/4/1,14.35193333,1,10683,4,1,12.00572205,277.4879761,290.3018494,181.3038635,2.66E-05,1.295732283,7.883813381,264.0881653,234.9272156,54.27341461,7.9
316,2008/5/1,12.974,1,10713,5,1,12.17637253,279.0342407,296.5233765,191.548233,2.67E-05,1.150248723,8.201260567,271.0108032,245.9452362,60.2917099,0.7
317,2008/6/1,11.20833333,1,10744,6,1,12.53978825,280.1328125,304.5115662,190.4470825,2.93E-05,1.078886357,8.694590569,278.2976685,250.2809753,55.22112656,0
318,2008/7/1,8.677935484,1,10774,7,1,12.97103119,280.8465576,308.0241089,185.1259766,2.90E-05,0.967879938,8.966574669,282.620636,244.8130188,49.89847565,0
319,2008/8/1,5.913064516,1,10805,8,1,13.25538635,280.2197571,305.8001404,173.9856262,2.78E-05,0.964161766,8.892855644,280.3247375,233.0409698,42.02602768,0
320,2008/9/1,4.687433333,1,10836,9,1,13.07889938,279.5498047,301.0307312,167.6433258,2.65E-05,0.954227112,8.444422722,274.3544617,225.4373016,40.18695831,0
321,2008/10/1,7.349870968,1,10866,10,1,12.5844574,278.2952881,292.530426,179.939621,2.68E-05,0.947487085,8.015270233,265.8200073,238.0338287,51.64995575,0.2
322,2008/11/1,10.34286667,1,10897,11,1,12.14369869,277.9104309,288.9082947,198.1622772,2.67E-05,1.077001428,7.743180275,262.0904236,259.7868042,65.24673462,1.3
323,2008/12/1,12.35848387,1,10927,12,1,11.95275307,277.6942749,288.696228,206.7839508,2.63E-05,1.22369409,7.689068794,261.2265625,271.60849,69.17294312,20.9
324,2009/1/1,13.91370968,1,10958,1,1,11.90884399,277.5090332,288.413208,200.391571,2.63E-05,1.404690426,7.722959042,261.3143921,265.9417419,63.64984894,13
325,2009/2/1,14.81153571,1,10989,2,1,11.97061539,276.4371338,286.3766479,184.544342,2.61E-05,1.572601246,7.754433632,259.2411499,248.0011139,52.87569427,3.9
326,2009/3/1,14.9836129,1,11017,3,1,12.00229263,275.9713135,286.3422241,173.4316254,2.59E-05,1.497920141,7.791259766,259.4082031,231.5926971,46.73578262,21.4
327,2009/4/1,14.49563333,1,11048,4,1,12.09471703,277.0742493,289.9234009,179.7759399,2.64E-05,1.302816898,7.98811245,263.3608093,234.8458557,53.21766281,20.4
328,2009/5/1,13.18670968,1,11078,5,1,12.32167149,279.5227661,298.768158,189.032074,2.75E-05,1.133947793,8.308610916,272.2623291,245.8156281,56.16907883,0
329,2009/6/1,11.32026667,1,11109,6,1,12.63156605,280.463501,304.7293091,191.5047302,2.86E-05,1.03328039,8.725355148,278.8305359,250.3349457,55.93070602,0
330,2009/7/1,8.465451613,1,11139,7,1,13.03001308,281.0475464,309.5770874,184.5670013,2.96E-05,0.926185297,9.019281387,284.0352173,244.7823639,49.98208237,0
331,2009/8/1,6.135741935,1,11170,8,1,13.28613567,280.3654175,306.8546143,173.4527435,2.74E-05,0.932031716,8.943547249,281.3234558,233.0489197,42.12818527,0
332,2009/9/1,5.261633333,1,11201,9,1,13.13007355,279.4580078,301.5828247,166.7440186,2.75E-05,0.926952325,8.591864586,275.190979,225.1562347,40.06076431,0
333,2009/10/1,6.920322581,1,11231,10,1,12.64722443,278.6821594,293.9716492,179.6760254,2.67E-05,0.938764342,8.045128822,267.2663879,237.6427917,51.40995026,30.1
334,2009/11/1,9.771733333,1,11262,11,1,12.22915649,278.1531067,290.2524719,196.7485199,2.71E-05,1.044303412,7.828768253,263.3341675,259.1505432,64.38568115,8.9
335,2009/12/1,12.19987097,1,11292,12,1,12.0612936,277.8931274,290.0725403,205.0278625,2.64E-05,1.236262398,7.787121296,262.7648621,271.2545166,68.36920929,27.8
336,2010/1/1,13.73906452,1,11323,1,1,12.03868866,277.3666077,289.3209229,198.9916687,2.67E-05,1.441054075,7.854969025,262.1300964,265.6387939,63.1889534,4.6
337,2010/2/1,14.58142857,1,11354,2,1,12.10194206,276.8051758,288.4822998,184.5764618,2.60E-05,1.554250731,7.908195972,261.8367615,247.7629395,53.79560852,22.9
338,2010/3/1,15.13670968,1,11382,3,1,12.1386013,276.6377258,288.5289307,173.0454254,2.64E-05,1.486076664,7.97658062,262.2892761,231.3073273,47.23309708,28.7
339,2010/4/1,14.65873333,1,11413,4,1,12.20856857,277.8262024,293.8814697,178.2919159,2.67E-05,1.298323115,8.194177628,267.3279419,234.0562439,53.35389328,5.8
340,2010/5/1,12.86609677,1,11443,5,1,12.34000492,279.6194458,300.5689392,187.7238922,2.77E-05,1.162896178,8.524878502,274.2316284,245.0730286,57.27894974,6.6
341,2010/6/1,10.5851,1,11474,6,1,12.65948105,280.454834,305.6168213,190.0460968,2.86E-05,1.059703688,8.835873604,280.0112915,249.88237,54.86113358,0
342,2010/7/1,8.074677419,1,11504,7,1,13.0941534,280.6158447,309.6070862,182.1157379,3.00E-05,0.960124987,9.092599869,283.5418091,244.5738068,48.71418762,0
343,2010/8/1,5.874903226,1,11535,8,1,13.33572102,280.4256287,307.7715759,172.9417725,2.81E-05,0.959688286,8.960449219,282.0148621,232.8761292,41.96692657,0
344,2010/9/1,4.865066667,1,11566,9,1,13.15225601,279.535675,301.6908569,166.5984192,2.73E-05,0.975682214,8.513636589,275.3263855,225.1059875,39.63256836,0
345,2010/10/1,6.983903226,1,11596,10,1,12.58934212,278.5440369,293.4207153,178.7534637,2.68E-05,0.948776635,8.0014534,267.0464172,237.4176636,51.14214325,6.95
346,2010/11/1,9.613966667,1,11627,11,1,12.14216709,277.9913635,289.1266785,197.8847198,2.66E-05,1.044461814,7.714996815,262.0426636,259.3888245,64.57318115,2
347,2010/12/1,11.83083871,1,11657,12,1,11.95532227,277.6022644,288.4570007,205.6488495,2.69E-05,1.212363026,7.63353014,260.8895874,271.3282166,68.55419159,9.5
348,2011/1/1,13.46396774,1,11688,1,1,11.88522053,277.3225098,287.8051453,199.8741302,2.65E-05,1.450796385,7.684287071,260.6560974,266.1220703,63.06861496,18.2
349,2011/2/1,14.36303571,1,11719,2,1,11.9320488,276.5053406,285.5544434,186.0960999,2.63E-05,1.57908137,7.719113827,258.8958435,248.3527832,53.8086853,13.2
350,2011/3/1,14.54651613,1,11747,3,1,11.95522785,276.4714355,287.3495178,173.9792175,2.65E-05,1.515406316,7.798314095,260.2058105,231.6961212,47.17777252,0.7
351,2011/4/1,14.1078,1,11778,4,1,12.05757332,277.4923096,291.2296753,179.0827484,2.70E-05,1.342344955,7.975574493,264.5208435,234.5261536,53.55591583,3.5
352,2011/5/1,12.68077419,1,11808,5,1,12.23418331,279.0888062,298.0100098,188.9339752,2.75E-05,1.144360605,8.306853294,271.6026001,245.5701752,58.95649719,0.2
353,2011/6/1,10.74866667,1,11839,6,1,12.63354969,280.5920715,306.165802,189.9581909,2.94E-05,1.047027982,8.781287193,280.0325928,249.9897003,54.95152283,0
354,2011/7/1,7.724387097,1,11869,7,1,13.05255318,281.3114929,310.1298828,184.6562805,2.93E-05,0.935176729,9.015119553,284.7600708,244.76474,49.44398499,0
355,2011/8/1,5.502451613,1,11900,8,1,13.34583187,280.8805542,307.8934021,173.7167358,2.75E-05,0.949603727,8.902391434,282.3893433,233.1383209,41.86920166,0
356,2011/9/1,4.561333333,1,11931,9,1,13.16070652,279.441925,300.2360229,167.3805389,2.70E-05,0.990282726,8.439113617,274.1253357,225.3387451,39.86122894,0
357,2011/10/1,6.464548387,1,11961,10,1,12.61622429,278.5960083,293.1531067,179.4934845,2.63E-05,0.957335853,7.998514175,266.3641052,237.4244995,51.23336029,11.5
358,2011/11/1,9.7718,1,11992,11,1,12.13046455,277.9077148,288.6856384,197.6385956,2.73E-05,1.054103301,7.725438118,261.8834229,259.0032349,64.90774536,8.6
359,2011/12/1,12.15358065,1,12022,12,1,11.89714813,277.6880798,288.3342896,205.3438873,2.69E-05,1.242633134,7.689323902,261.0274658,271.3967896,69.35516357,33.1
360,2012/1/1,13.72941935,1,12053,1,1,11.82792473,277.101532,286.9922791,200.5788574,2.67E-05,1.43793495,7.627833366,259.7831421,266.56427,64.72563171,7.8
361,2012/2/1,14.55334483,1,12084,2,1,11.91485119,276.6065369,285.9925537,186.5026093,2.62E-05,1.559379439,7.691230297,259.1551819,248.2293854,54.24213791,32.1
362,2012/3/1,15.19625806,1,12113,3,1,11.94445896,276.2298584,286.5996094,173.2699585,2.74E-05,1.506841864,7.773145676,259.5943298,231.6357422,47.36363602,14.59
363,2012/4/1,14.62576667,1,12144,4,1,12.06531906,277.3861389,291.1907654,179.7040863,2.66E-05,1.319238781,8.006523132,265.0095825,234.6593475,54.07149506,1.6
364,2012/5/1,13.01180645,1,12174,5,1,12.31477833,279.4003906,298.3746338,190.7665405,2.76E-05,1.166333394,8.340392113,272.4855042,245.84758,59.89219666,1.99
365,2012/6/1,10.67453333,1,12205,6,1,12.66419506,280.6344604,305.8766479,190.4573059,2.93E-05,1.057107084,8.80885601,279.9434814,249.9551239,54.24059296,0
366,2012/7/1,7.671774194,1,12235,7,1,13.1348896,280.6608887,309.2531738,182.4339752,2.90E-05,0.968184683,9.055557251,283.5036621,244.4586639,47.87359238,0
367,2012/8/1,4.723290323,1,12266,8,1,13.36103439,280.4878845,306.8808594,173.227478,2.74E-05,0.990290706,8.898845673,281.1824341,232.9438934,41.040802,0
368,2012/9/1,3.5656,1,12297,9,1,13.2037735,279.6428833,301.9797058,167.0478516,2.67E-05,1.000202706,8.50975132,275.2075806,225.3056793,39.7853508,0
369,2012/10/1,5.885870968,1,12327,10,1,12.72144794,278.8297424,294.7807312,179.1551208,2.63E-05,0.946874204,8.047984123,267.8344116,237.7369843,51.44353104,7.9
370,2012/11/1,9.387966667,1,12358,11,1,12.28469181,278.3716431,291.2687683,196.8223267,2.68E-05,1.050762166,7.808898449,264.0145874,259.414856,64.36547852,0.8
371,2012/12/1,12.0063871,1,12388,12,1,12.05423927,277.6252441,289.3230286,204.0819244,2.69E-05,1.229591604,7.75565052,261.9102783,271.0895996,68.23721313,11.7
372,2013/1/1,13.70264516,1,12419,1,1,11.97803879,277.5527344,289.4860229,198.9272156,2.67E-05,1.450444313,7.784746647,262.5286255,265.5389099,63.4256897,3.7
373,2013/2/1,14.72353571,1,12450,2,1,12.02080345,276.1443787,286.0062561,184.7790985,2.61E-05,1.584995595,7.765013695,258.8580017,247.8993835,53.65908813,18.5
374,2013/3/1,15.03203226,1,12478,3,1,12.05397129,276.3647766,287.7445679,173.0586395,2.61E-05,1.509007342,7.869359493,260.8165283,231.3840942,47.35839844,22.8
375,2013/4/1,14.29873333,1,12509,4,1,12.12843037,277.4890747,291.3117371,179.1669159,2.64E-05,1.321238836,8.020068169,264.6137695,234.627182,54.50530243,47.6
376,2013/5/1,12.99725806,1,12539,5,1,12.3341608,278.9547119,298.0622253,189.212326,2.75E-05,1.1882962,8.359291077,271.5343933,245.8220825,59.38500977,12.3
377,2013/6/1,11.36013333,1,12570,6,1,12.65985012,280.8058472,306.3170776,190.188446,2.95E-05,1.052544209,8.835165977,280.1086426,250.1528168,54.6653862,0
378,2013/7/1,8.131677419,1,12600,7,1,13.139781,280.6345215,308.8988953,183.0845642,2.92E-05,0.957028955,9.016778946,282.9190369,244.6117554,48.91474915,0
379,2013/8/1,6.013516129,1,12631,8,1,13.36440277,280.7867737,307.2324524,173.7537842,2.75E-05,0.963784339,8.935032845,281.4433289,233.1023407,42.09211349,0
380,2013/9/1,5.208266667,1,12662,9,1,13.17982388,279.9876709,301.6637268,167.5793152,2.74E-05,0.972587125,8.520703316,275.5504456,225.2390137,40.41194916,0
381,2013/10/1,7.45483871,1,12692,10,1,12.61405373,278.3963928,292.5893555,180.0325775,2.63E-05,0.951161514,7.98960495,266.0829773,237.8007202,52.2247467,5.4
382,2013/11/1,9.939033333,1,12723,11,1,12.23884583,278.0618286,289.7782593,196.9653015,2.76E-05,1.05769157,7.781772137,262.2665405,259.4327698,64.91943359,6.3
383,2013/12/1,12.18425806,1,12753,12,1,11.98503017,277.9391479,289.7270203,205.2033539,2.69E-05,1.247165776,7.734082222,262.4765015,271.281311,68.95305634,9
384,2014/1/1,13.64748387,1,12784,1,1,11.96442413,277.4373169,288.8076172,199.627594,2.67E-05,1.429422866,7.759628773,261.8335876,265.9700928,63.39631653,27.2
385,2014/2/1,14.41757143,1,12815,2,1,12.01247025,276.6292114,287.1547546,184.9159241,2.66E-05,1.560757539,7.777787209,259.7484436,248.3164825,53.68920135,11.7
386,2014/3/1,14.75751613,1,12843,3,1,12.06499195,276.4989014,287.6851196,173.7474823,2.73E-05,1.515566527,7.868735313,260.8782654,231.6151886,46.81176758,11.2
387,2014/4/1,14.08786667,1,12874,4,1,12.21050167,277.5518188,291.4802856,179.2482605,2.67E-05,1.30817128,8.075082779,265.1268616,234.524826,53.79416656,12.2
388,2014/5/1,12.70070968,1,12904,5,1,12.42071438,279.5162048,299.8907776,189.2194061,2.74E-05,1.170507446,8.394797325,273.2260437,245.668335,59.4679451,6.8
389,2014/6/1,11.0326,1,12935,6,1,12.78624439,280.4168091,304.8070068,191.3294067,2.87E-05,1.070506631,8.813802719,279.1026001,250.2857056,55.44627762,0
390,2014/7/1,8.108451613,1,12965,7,1,13.19825935,280.6281738,308.2956848,184.5135803,2.84E-05,0.956560771,9.030108452,282.8636475,244.9360809,49.42904282,0
391,2014/8/1,6.077870968,1,12996,8,1,13.44778824,280.7104797,307.9642334,174.0346832,2.78E-05,0.942279498,8.966186523,282.2614746,233.0365448,42.36427307,0
392,2014/9/1,5.219933333,1,13027,9,1,13.26080608,279.8216553,301.8959351,167.1950531,2.75E-05,0.964484633,8.525586128,275.1172485,225.2898712,40.32537079,0.5
393,2014/10/1,7.232451613,1,13057,10,1,12.73980808,278.6485901,294.7224731,179.0510559,2.67E-05,0.931656786,8.064546585,267.6784973,237.454895,51.76805496,0
394,2014/11/1,10.1146,1,13088,11,1,12.26542282,277.8622742,289.6565552,196.3031616,2.66E-05,1.058013085,7.780522823,262.4967346,259.3369141,64.59348297,16.9
395,2014/12/1,12.35258065,1,13118,12,1,12.05988121,277.8112183,289.4790955,205.6287384,2.73E-05,1.236865856,7.789278984,262.2209167,271.5400085,69.44089508,19.8
396,2015/1/1,13.60232258,1,13149,1,1,12.00478077,277.3335266,288.6332703,199.5423889,2.73E-05,1.403078603,7.777407646,261.1878967,266.2698669,63.72835541,6
397,2015/2/1,14.40064286,1,13180,2,1,12.05529404,276.7483826,287.664032,185.5467987,2.71E-05,1.553847053,7.79262352,260.2395325,248.2212982,53.5304451,54.6
398,2015/3/1,14.37051613,1,13208,3,1,12.12793827,276.5522461,288.5170898,173.1744385,2.73E-05,1.490084189,7.893300056,261.4736633,231.6004639,46.44163513,8
399,2015/4/1,13.89316667,1,13239,4,1,12.23904133,277.4682922,291.2058411,179.5091553,2.68E-05,1.316085255,8.04978466,264.9813843,234.4583893,53.56711578,7.4
400,2015/5/1,12.46809677,1,13269,5,1,12.47563457,279.0071411,298.2626953,189.7250671,2.82E-05,1.172095455,8.412587166,272.1878662,245.7514191,60.07386398,3.9
401,2015/6/1,10.8789,1,13300,6,1,12.83869171,280.3643188,305.0310974,190.9212494,2.92E-05,1.053512342,8.879372597,279.5429382,250.1348114,54.83537674,0
402,2015/7/1,8.377870968,1,13330,7,1,13.21902752,280.5913391,308.1924438,184.7129211,2.83E-05,0.925795188,9.073493004,283.2379761,244.7902222,49.41893387,0
403,2015/8/1,5.598741935,1,13361,8,1,13.4992094,280.4803162,307.510437,173.6971283,2.74E-05,0.925126656,9.017888069,282.0045776,233.1429749,41.84748459,0
404,2015/9/1,4.615766667,1,13392,9,1,13.4178648,279.4195557,301.5653687,167.2147675,2.69E-05,0.945967743,8.616857529,275.1877441,225.2226715,39.8561058,0
405,2015/10/1,6.966225806,1,13422,10,1,12.86135387,279.0583191,296.2414246,178.3496857,2.68E-05,0.917633175,8.195284843,269.238739,237.1634216,51.40192032,0
406,2015/11/1,9.846166667,1,13453,11,1,12.43749905,278.4090271,291.8892517,196.6283569,2.77E-05,1.040054755,7.977889538,264.7219238,258.8763123,64.61084747,11.5
407,2015/12/1,12.04477419,1,13483,12,1,12.24746132,278.1870117,291.026123,204.3864899,2.78E-05,1.218809569,7.959005833,264.0056763,270.9319763,68.24687195,17.4
408,2016/1/1,13.45677419,1,13514,1,1,12.20858383,278.1672363,292.3577881,198.6804047,2.68E-05,1.449097805,7.969446182,264.8190002,266.1016235,62.95492554,4.1
409,2016/2/1,14.20272414,1,13545,2,1,12.1887989,277.6003113,290.7436829,184.3488007,2.69E-05,1.563166484,8.042344093,264.0545959,247.8480225,53.00065613,21.8
410,2016/3/1,14.39993548,1,13574,3,1,12.27153206,277.0535583,290.7008667,172.1270752,2.64E-05,1.528665411,8.156925201,264.5002441,230.9530487,46.17623901,32.5
411,2016/4/1,13.68126667,1,13605,4,1,12.34771442,277.969574,293.8453979,179.1971893,2.71E-05,1.361931904,8.286168098,268.1678162,234.2687073,53.08364487,21.4
412,2016/5/1,11.92441935,1,13635,5,1,12.52984524,279.7214355,301.0578308,188.2619476,2.77E-05,1.159196064,8.563623428,275.2794189,245.3168793,57.5627327,1
413,2016/6/1,10.4129,1,13666,6,1,12.89793968,280.5692139,307.0083618,189.7084656,2.92E-05,1.051122129,8.947349548,281.1672974,249.8562927,53.92476273,0
414,2016/7/1,7.937548387,1,13696,7,1,13.28812504,280.9841309,310.9640808,182.8322296,2.91E-05,0.961765809,9.202130318,285.3892212,244.3316193,48.30276489,0
415,2016/8/1,5.370548387,1,13727,8,1,13.52900314,281.0517273,309.2392578,172.1966248,2.88E-05,0.954325039,9.09422493,283.3815918,232.737915,41.0557251,0
416,2016/9/1,4.5285,1,13758,9,1,13.35362911,279.8857727,303.5289001,166.2748871,2.71E-05,0.960637958,8.707036018,277.2242432,224.9942932,39.45316696,0
417,2016/10/1,6.081645161,1,13788,10,1,12.84887409,279.1161804,296.130188,178.960434,2.71E-05,0.963338634,8.121058464,269.361908,237.7129669,51.20926285,0
418,2016/11/1,8.657833333,1,13819,11,1,12.38135242,279.0172729,294.0056458,195.4807892,2.67E-05,1.083364335,7.897892952,266.5507202,259.1855164,62.38599777,4.4
419,2016/12/1,11.45941935,1,13849,12,1,12.14404583,278.3967896,291.9029236,203.3000031,2.73E-05,1.251156675,7.849440575,264.0798645,271.088623,66.36099243,13
420,2017/1/1,13.19012903,1,13880,1,1,12.16788769,277.9839783,290.9258118,198.7102509,2.70E-05,1.456919751,7.862201691,263.2706299,265.5960388,62.10307312,18.7
421,2017/2/1,14.11942857,1,13911,2,1,12.20189762,277.3334961,289.66922,184.4263458,2.70E-05,1.607689525,7.904050827,262.5598145,247.6326752,52.72193527,9.9
422,2017/3/1,14.29006452,1,13939,3,1,12.25702477,276.9927673,289.9695129,172.5141449,2.76E-05,1.553477095,7.99870491,262.9808655,231.295517,46.03602219,0
423,2017/4/1,13.75346667,1,13970,4,1,12.33127594,277.7218933,292.2063599,179.3473663,2.76E-05,1.367265592,8.11259079,266.1416626,234.5995331,53.54523087,19.4
424,2017/5/1,12.63045161,1,14000,5,1,12.46451283,279.4732056,299.3580933,189.9358368,2.75E-05,1.211053425,8.432614326,273.3448181,245.8300018,60.9870224,6.1
425,2017/6/1,10.7564,1,14031,6,1,12.82889557,280.3108521,304.9434814,191.4539032,2.85E-05,1.12292868,8.8428545,279.4619751,250.2559052,55.80577087,0
426,2017/7/1,7.939354839,1,14061,7,1,13.26457882,280.8255005,308.5439453,183.9129028,2.86E-05,1.00006544,9.066148758,283.2471619,244.7543488,48.45938492,0
427,2017/8/1,5.480645161,1,14092,8,1,13.54873085,280.554657,308.5959473,172.5180359,2.78E-05,0.995704333,9.047739029,282.4647827,232.9036713,41.21405792,0
428,2017/9/1,4.8219,1,14123,9,1,13.33670712,279.5302734,301.2127991,167.0402985,2.63E-05,0.994311701,8.571846962,275.1071167,225.2441101,39.6937294,0
429,2017/10/1,6.767129032,1,14153,10,1,12.81122303,278.898468,295.7422485,177.8645477,2.72E-05,0.98799017,8.112408638,268.6766968,237.5239563,50.90738678,8
430,2017/11/1,9.492833333,1,14184,11,1,12.30872536,278.2772217,290.9150391,195.9326324,2.72E-05,1.059471907,7.793018818,263.6948547,259.4338379,63.34611893,4.1
431,2017/12/1,11.74267742,1,14214,12,1,12.04030037,278.2167969,290.6972656,204.8052368,2.68E-05,1.246614065,7.767498493,263.5213623,271.4353943,67.40971375,10.2
432,2018/1/1,13.07735484,1,14245,1,1,12.04379463,277.6607361,289.7944641,199.063385,2.73E-05,1.437536754,7.782598019,262.4396667,265.9716187,62.31243896,8.8
433,2018/2/1,13.96725,1,14276,2,1,12.08790874,277.2854004,289.5877991,183.659317,2.67E-05,1.596943964,7.828998566,261.9916382,247.9888306,52.67624664,18.5
434,2018/3/1,14.29758065,1,14304,3,1,12.15604401,276.5801392,288.0865784,172.9757385,2.73E-05,1.531113674,7.898820877,261.0334473,231.5701141,46.62099075,6.8
435,2018/4/1,13.69606667,1,14335,4,1,12.25728989,277.8074036,293.2246704,178.6730957,2.69E-05,1.363877309,8.084299088,266.5801697,234.4701843,53.63117599,6
436,2018/5/1,12.23203226,1,14365,5,1,12.46391582,279.6342163,299.9028015,188.1246643,2.77E-05,1.190450296,8.455226898,273.4806213,245.5040741,58.50759888,0
437,2018/6/1,10.7775,1,14396,6,1,12.78271866,280.737793,305.8930969,190.0990753,2.86E-05,1.076057054,8.815763474,280.0952759,250.0833893,54.98726273,0
438,2018/7/1,8.268096774,1,14426,7,1,13.16620159,280.9367065,309.1334534,184.0592346,2.90E-05,0.968507013,9.063397408,283.5633545,244.7853241,49.12984467,0
439,2018/8/1,5.614806452,1,14457,8,1,13.38414478,280.6626892,307.6658325,173.7213287,2.74E-05,0.987739718,8.984917641,282.1471863,232.9804077,41.96994781,0
440,2018/9/1,4.785233333,1,14488,9,1,13.20555305,279.3882446,300.9337463,167.6968231,2.72E-05,0.994150089,8.553899765,274.547699,225.3494263,40.06916809,0
441,2018/10/1,6.134096774,1,14518,10,1,12.79614258,278.9313965,295.4634094,178.7526855,2.69E-05,0.969003674,8.142489433,268.7793579,237.4688263,51.32292557,10.1
442,2018/11/1,9.823133333,1,14549,11,1,12.33699608,277.9730835,290.8194885,196.0232391,2.70E-05,1.068049175,7.874936104,263.4586792,259.0895691,63.81999207,16.4
443,2018/12/1,11.86148387,1,14579,12,1,12.12895012,278.0117493,291.0756836,204.1351166,2.77E-05,1.234646854,7.834721088,263.2987671,271.0668335,67.69668579,5.7
444,2019/1/1,13.56722581,1,14610,1,1,12.032197,277.1377563,288.6727905,199.0586548,2.64E-05,1.45159641,7.809775352,261.2478027,266.1378174,63.09570313,14.5
445,2019/2/1,14.39367857,1,14641,2,1,12.11126328,277.1424255,289.3123779,185.1474152,2.62E-05,1.562465053,7.897125721,261.9550171,247.8491211,53.2073288,14.6
446,2019/3/1,14.57364516,1,14669,3,1,12.18735409,276.8934631,290.1723328,172.3956451,2.63E-05,1.495333121,8.014566422,263.1618042,231.287735,46.24504471,16.2
447,2019/4/1,13.43443333,1,14700,4,1,12.24586391,277.8919678,294.1795044,177.7035065,2.66E-05,1.340105042,8.188726425,267.4797058,234.1200104,52.70082855,10.2
448,2019/5/1,12.18590323,1,14730,5,1,12.40236568,279.6829529,300.0221252,188.7785034,2.62E-05,1.172260013,8.516543388,274.3374634,245.2273102,58.10696411,7.4
449,2019/6/1,10.5936,1,14761,6,1,12.79782486,280.5534973,307.4812012,189.8219299,2.90E-05,1.076741623,8.941020012,281.3804016,249.7816925,54.40798569,0
450,2019/7/1,7.589322581,1,14791,7,1,13.23056793,281.0527039,309.6530762,185.2002106,2.79E-05,0.961117115,9.107049942,284.8133545,244.7516022,48.94691086,0
451,2019/8/1,5.026322581,1,14822,8,1,13.46626663,280.8621826,308.8686829,173.8441162,2.76E-05,0.973604055,9.061340332,283.3334351,233.0582123,41.61243439,0
452,2019/9/1,4.3639,1,14853,9,1,13.26188946,279.7275696,302.690094,167.0093079,2.65E-05,0.980424741,8.613919258,276.4656982,225.1704865,39.74817276,0
453,2019/10/1,5.734903226,1,14883,10,1,12.79401112,278.9535828,295.5443115,178.162735,2.61E-05,0.971870646,8.132535934,268.7677002,237.2266235,50.95322418,26.4
454,2019/11/1,9.352833333,1,14914,11,1,12.35851288,278.3276672,291.759491,195.7600861,2.66E-05,1.063901528,7.904056072,264.5694275,258.7648315,63.59614563,29.5
455,2019/12/1,11.90309677,1,14944,12,1,12.15877438,278.2571716,292.2476196,203.925293,2.68E-05,1.236231808,7.903674603,264.8390808,270.8161011,67.90248108,3.4
456,2020/1/1,13.63587097,1,14975,1,1,12.15186882,277.5799561,290.2798767,198.4909058,2.65E-05,1.454645637,7.936789036,263.062561,265.9009094,63.06402206,0
457,2020/2/1,14.64213793,1,15006,2,1,12.20048809,276.9992371,289.3980103,183.1157379,2.64E-05,1.575011263,7.934244633,262.196991,247.6497192,52.84210205,39.1
458,2020/3/1,14.73,1,15035,3,1,12.27702045,276.2308655,287.7380676,172.3768921,2.58E-05,1.518853455,7.958573818,260.5872498,231.2401733,47.50156021,16.3
459,2020/4/1,13.6215,1,15066,4,1,12.33992958,277.9997253,293.3381958,179.2566223,2.61E-05,1.333581379,8.110360146,266.5785522,234.5109711,55.5398674,37.3
460,2020/5/1,12.34312903,1,15096,5,1,12.4622612,279.5213928,299.7813416,189.4876862,2.64E-05,1.199674163,8.489908218,274.0513,245.5263977,60.92589951,0
461,2020/6/1,10.59283333,1,15127,6,1,12.82945633,280.5140991,305.8518066,191.1743469,2.75E-05,1.169104947,8.795430183,280.4754944,249.8911743,58.31631088,0
462,2020/7/1,7.293967742,1,15157,7,1,13.24738503,280.8311768,309.3919067,185.1863708,2.77E-05,1.067016137,9.050126076,284.5593872,244.3513947,51.71572495,0
463,2020/8/1,5.07,1,15188,8,1,13.52821064,280.4049377,307.3971863,174.1722717,2.65E-05,1.048363293,9.018792152,282.3982239,232.5921478,42.87131882,0
464,2020/9/1,4.000533333,1,15219,9,1,13.31488037,279.6915588,301.9269409,167.2949829,2.62E-05,1.034063663,8.588506699,275.8999634,225.1456146,40.88621902,5.7
465,2020/10/1,5.334,1,15249,10,1,12.78325272,278.6274719,294.2701416,178.8746185,2.60E-05,1.018240646,8.083713531,267.7054749,237.921463,52.54916,12.5
466,2020/11/1,8.985166667,1,15280,11,1,12.30350018,278.7076111,292.4899292,196.909729,2.72E-05,1.095492889,7.863734722,265.0508118,259.3609924,65.04057312,7.5
467,2020/12/1,11.72945161,1,15310,12,1,12.04662991,277.8204346,289.7046509,204.4657898,2.69E-05,1.237321818,7.774491787,262.3703613,271.3075562,68.89542389,5.8
468,2021/1/1,13.4756129,1,15341,1,1,11.93200874,277.2707214,288.1642151,199.119812,2.63E-05,1.468230615,7.77026701,261.159668,266.0936279,63.65102768,6.2
469,2021/2/1,14.38626923,1,15372,2,1,12.01268387,276.5169983,286.9101563,184.540802,2.63E-05,1.585898994,7.7611022,259.8578796,247.9402924,53.66032791,19.6
470,2021/3/1,14.64496774,1,15400,3,1,12.08818531,276.2720642,286.2233276,173.3470001,2.63E-05,1.517936538,7.805628777,259.5075073,231.5984344,47.9352951,27.8
471,2021/4/1,13.83753333,1,15431,4,1,12.21017361,277.3759155,290.8490295,179.1443787,2.65E-05,1.325737016,7.986338615,264.1779175,234.6731262,55.02002716,18
472,2021/5/1,12.66206452,1,15461,5,1,12.43042564,279.2813416,299.1748352,189.0752258,2.80E-05,1.212068791,8.378755569,272.6210938,245.6923218,60.67658997,0.2
473,2021/6/1,10.7066,1,15492,6,1,12.77537537,280.0075073,304.2510376,191.184967,2.83E-05,1.121848101,8.718029976,278.494812,250.0568237,58.46326447,0
474,2021/7/1,7.688870968,1,15522,7,1,13.29600334,280.8172913,309.5211792,183.8761139,2.93E-05,1.040360737,9.023841858,283.7418518,244.5842743,51.11636353,0
475,2021/8/1,5.753870968,1,15553,8,1,13.48532295,280.5289307,307.9117737,172.7103577,2.73E-05,1.03594079,8.969116211,282.1680908,232.7216644,42.60266876,0
476,2021/9/1,4.915366667,1,15584,9,1,13.2575779,279.7581787,302.4333801,166.2415161,2.71E-05,1.032743691,8.551456451,275.5225525,225.2054596,40.66877365,0
477,2021/10/1,6.77,1,15615,10,1,12.80256844,278.8247681,294.6481628,178.5539856,2.67E-05,1.008122889,8.107449532,268.2304688,237.6057434,51.61714554,0
478,2021/11/1,9.809,1,15646,11,1,12.4806757,278.2759705,290.7029724,196.91362,2.64E-05,1.089927993,7.847496986,263.549408,259.3054199,64.24850464,0.7
479,2021/12/1,12.187,1,15677,12,1,12.09310246,278.1112061,291.4305115,204.2237549,2.71E-05,1.245112217,7.79941082,263.4232178,271.1331177,67.85312653,5.1
480,2022/1/1,13.877,1,15708,1,1,12.05216599,277.7278137,290.2404175,199.431076,2.68E-05,1.433086645,7.781550407,262.3258667,265.8898315,63.2329216,25.1
481,2022/2/1,14.614,1,15739,2,1,12.02638817,277.2321472,288.9542236,184.2476501,2.70E-05,1.561923622,7.800899029,261.4134827,247.8029938,53.50349045,32.8
482,2022/3/1,14.586,1,15770,3,1,12.0670166,276.9294128,288.8997803,173.1811523,2.68E-05,1.547901294,7.909893036,262.2139893,231.4714966,47.44018936,16.7
483,2022/4/1,14.042,1,15801,4,1,12.18929005,277.3946228,291.9399109,178.8998718,2.67E-05,1.353878365,8.023821831,265.3310242,234.6017914,55.31731033,13.59
484,2022/5/1,12.879,1,15832,5,1,12.36920166,279.3288269,298.9335938,189.5813904,2.67E-05,1.223690858,8.345412254,272.526886,245.7405548,61.93253326,8.3
485,2022/6/1,10.855,1,15863,6,1,12.79281044,280.7671814,306.1337585,191.4886932,2.86E-05,1.133785488,8.709397316,280.1066284,250.1679993,58.45698929,0
486,2022/7/1,8.248,1,15894,7,1,13.28530312,280.8829956,310.3815002,183.5593414,2.93E-05,1.054605531,9.068417549,284.5467224,244.5054779,51.32617188,0
487,2022/8/1,5.995,1,15925,8,1,13.53586674,280.7030029,308.9369202,172.7338715,2.77E-05,1.031864331,9.031805038,283.0826111,232.7851563,42.44083023,0
488,2022/9/1,4.869,1,15956,9,1,13.37101841,279.7478333,302.7886963,166.4221954,2.68E-05,1.025330324,8.58682251,276.0648804,225.0918427,39.15585327,0
489,2022/10/1,6.613,1,15987,10,1,12.82182884,279.1416931,296.1020203,177.8221893,2.63E-05,0.998476021,8.116112709,268.8985901,237.4072723,49.6867218,0.1
490,2022/11/1,9.712,1,16018,11,1,12.33888149,278.0349121,290.1445313,196.432785,2.63E-05,1.062860968,7.800263405,262.6924438,259.3968811,63.06165314,24.6
491,2022/12/1,11.917,1,16049,12,1,12.13916206,278.2365417,290.7581177,204.6277924,2.66E-05,1.22002691,7.779269218,262.9238892,271.322876,66.60185242,15.5
492,2023/1/1,13.346,1,16080,1,1,,,,,,,,,,,
493,2023/2/1,14.146,1,16111,2,1,,,,,,,,,,,
494,2023/3/1,0,1,16142,3,1,,,,,,,,,,,
495,2023/4/1,0,1,16173,4,1,,,,,,,,,,,
496,2023/5/1,0,1,16204,5,1,,,,,,,,,,,
497,2023/6/1,0,1,16235,6,1,,,,,,,,,,,
498,2023/7/1,0,1,16266,7,1,,,,,,,,,,,
499,2023/8/1,0,1,16297,8,1,,,,,,,,,,,
500,2023/9/1,0,1,16328,9,1,,,,,,,,,,,
501,2023/10/1,0,1,16359,10,1,,,,,,,,,,,
502,2023/11/1,0,1,16390,11,1,,,,,,,,,,,
503,2023/12/1,0,1,16421,12,1,,,,,,,,,,,
